section,measure,category,count,denominator,percent,value,value_text,unit,denominator_definition,response_type,work_ids,note
Publication source,Source frequency,arXiv (Cornell University),22,485,4.5,,,canonical works,all canonical works,single response; mutually exclusive normalized publication source,9aeba4bdaf161dff8c40;3b0e82db448631888b4c;d885762caf8919afe125;ac7ed05801a4bd006e07;df6dd96b9ea594a121ce;0de698b6ef36192c9365;de583e684ddd0364a161;235688621e9d66593a40;ba1df7c86ec2eeb0e945;d644a8da3cdeae0603e0;7938acbdb4523b82db58;3a5aebe14250eec39412;7b19776512fecc94e643;9b8b66d55c35b17e843c;bed98da775e40e17c44e;44090e715310ee158f37;04b48ce4dda567febfa2;8fce68134f06065fdd4a;217a1796806e392c3e77;4823a4ac11c66c68a7d4;76a6c8049ee4223224f6;1d69e819d76b702e955f,Normalization key: openalex:https://openalex.org/s4306400194.
Publication source,Source frequency,BMC Medical Education,22,485,4.5,,,canonical works,all canonical works,single response; mutually exclusive normalized publication source,594824ec9813877abe34;07d462beafe4d21ba016;0aad164402f8e4deea3b;f41f37dbb22b9ed8ae7c;594d7ce86781a2e8398f;c2d6c7abc598aacc0368;3592795dfee0e066000a;64caff9ef7b3adaafe2d;ed072d60d05f5e236143;412046e11296d150c70a;4cac4c9f22b3d59d56dd;5c99d6be17d81210020f;5e70fc602d28beb4158b;81087c9bc5a7366ff084;14a6c8b99daf76e8179d;0a56637c161743569cf5;f2454b259920b1b1d032;548ca816901c7761f0bf;4b7753ecc7bff0d54289;94dc4442e5bc1f047433;df606ccebb857fa9a592;668b98624eeda1089d99,Normalization key: openalex:https://openalex.org/s144187503.
Publication source,Source frequency,JMIR Medical Education,22,485,4.5,,,canonical works,all canonical works,single response; mutually exclusive normalized publication source,01a746b554d461cb998c;088f42aecd2674d3dbe5;18f9eaf414ec69e25aad;76597dc445d9df2ae743;8fa1ae6b843e2388520d;a4f6e4afd67cbf667f95;cfa4cceea1f21315935e;38300507331b97225df5;240393927e83854aac9b;fd0c4ec164cda596074b;282aa7d3820de53059e9;ed80b78f8297d945224d;7bda59402c9478eda64c;6d60da2f964efcc60587;f4631b37b9a1fd57d914;eb6ba637fab26b824344;7a9ca4d4d16f4705139f;d90096afc3b383fbecb7;71a491a468f6c4c71249;63c69a200d415bc42d9b;37bb0c4c182653ebb8f9;2befb2019a25a1ea563f,Normalization key: openalex:https://openalex.org/s4210212741.
Publication source,Source frequency,Unknown source,15,485,3.1,,,canonical works,all canonical works,single response; mutually exclusive normalized publication source,e7357cbd0c17edcf1ae4;328dc44eb7208308940c;614d439112e6f1ccea50;3cc4d65478e63af8ab6e;0fe5747ae7b23830be21;740cc1ae550411dacecc;415ba4f99eeb473a50c2;bc5dd5d7b1ad1b4d21e4;d46506f34cc784478c88;401238697481e3dbe32e;862592293f46ff109fb6;dec5b56924e40c32e506;da8839d00c24db7f6ad6;f5c57c1a6cc5d054fcac;44d09fb5dabfde2e9e31,Unknown source is retained as a separate missingness category.
Publication source,Source frequency,Cureus,9,485,1.9,,,canonical works,all canonical works,single response; mutually exclusive normalized publication source,2a63460a75ff944e1d44;34ea437817489bccb36b;4c580842a4d610a72e9d;f74b171e97e291bab8d3;6d3fca2519e927f795b8;00b1591b551023fc549f;0a25081e59bfa2406a89;7acd89712f3fc0bb4cb7;14e96fc7b4c3181fd39b,Normalization key: openalex:https://openalex.org/s2738950867.
Publication source,Source frequency,Journal of Medical Internet Research,9,485,1.9,,,canonical works,all canonical works,single response; mutually exclusive normalized publication source,ed38fd3a7de3cb77f8a6;aedb9561df16d70a7ef8;2877ad2c6a928639280a;3a2d4841832fea8715fe;582bc7c400fa7acf214f;592d3957693502aad933;db6b016a13edb570269a;0394426a6c4e7afe938e;a4d746b41f7f88ceb127,Normalization key: openalex:https://openalex.org/s17147534.
Publication source,Source frequency,Medical Teacher,8,485,1.6,,,canonical works,all canonical works,single response; mutually exclusive normalized publication source,df5127c0b752274d452e;1c073acedd6171c3394d;fb4436cacb550c46d347;eeb5a3afa4e8b1c2635c;73a1f91733c91359d5f0;7791c8951d81b4aa0b71;d7a2412d7fe5f7bee1e5;2366390c9f679e2c90b7,Normalization key: openalex:https://openalex.org/s135934248.
Publication source,Source frequency,medRxiv,8,485,1.6,,,canonical works,all canonical works,single response; mutually exclusive normalized publication source,e5b4ed028b3c0ea2eeec;67e2860b474712736027;c837d77a482b4e089619;32b43fcb025a9d77581f;7571d4d2871565bc5c1c;da920e8320da57a1954a;5aeb6b891099b95aa832;b75fad8b8777d2f878b6,Normalization key: openalex:https://openalex.org/s3005729997.
Publication source,Source frequency,Studies in health technology and informatics,8,485,1.6,,,canonical works,all canonical works,single response; mutually exclusive normalized publication source,a32c2fb665f05ef6086f;581dc0790951c1557bba;0b1b0febb2293831bcc0;4b471ab893f0c3845025;5245cf325337d81e78ff;bad1f4fb855554cb4aba;69f44a30a1f5c09b5e41;11f31f18ad70545cab85,Normalization key: openalex:https://openalex.org/s4210179765.
Publication source,Source frequency,Advances in Simulation,7,485,1.4,,,canonical works,all canonical works,single response; mutually exclusive normalized publication source,116dd099707d378fb9a6;4301913b143d4dcf67c6;272439595ff3b96c35f3;81337a44aeb46520e3ec;56dc16bbc7cd98ca993a;766d498375e7ceff4c70;f30eee8f6354bfa06744,Normalization key: openalex:https://openalex.org/s2739124158.
Publication source,Source frequency,Clinical Simulation in Nursing,7,485,1.4,,,canonical works,all canonical works,single response; mutually exclusive normalized publication source,e5e611fc18a4d66128d9;b052274076e5e7cc16db;sci_a90d053bc1db526acda9;7920ebcf271025a5a8ee;3d4ea70252a23ce4cd2f;891bdc5ee1f3d07f820a;sci_f2cc5417df9af41a5165,Normalization key: openalex:https://openalex.org/s204691484.
Publication source,Source frequency,Frontiers in Medicine,7,485,1.4,,,canonical works,all canonical works,single response; mutually exclusive normalized publication source,eb8b75c75edacbfa547b;31f58d5793ca1ef590ea;bd0527af9d9859ca54bb;6f1527fb10827ca1da01;9053eb63f4358c343310;73cb9769cd2180a04bb0;da4715a1835405ea02b7,Normalization key: openalex:https://openalex.org/s2597052008.
Publication source,Source frequency,JMIR Formative Research,7,485,1.4,,,canonical works,all canonical works,single response; mutually exclusive normalized publication source,64a85483f87115653128;4fdab8147c5288a598e6;0c75f057197182777687;7713a8c3085fddc6419c;5da1c6c1e35204ff7f9d;c2a9bbee811cd29891e3;24c93ac0955292251f20,Normalization key: openalex:https://openalex.org/s4210234749.
Publication source,Source frequency,Journal of Dental Education,7,485,1.4,,,canonical works,all canonical works,single response; mutually exclusive normalized publication source,4c4dc7fcefb1e9f3abdf;8ad0258644c0c312a7d8;3aba8ba7976a49acd0ac;eb0a6b505c3ccc9e534d;b3e39792f96130f4a0b4;b2f1db675b2599e354ab;ba402925b430558ae1e0,Normalization key: openalex:https://openalex.org/s121799786.
Publication source,Source frequency,Nurse Education in Practice,7,485,1.4,,,canonical works,all canonical works,single response; mutually exclusive normalized publication source,e82a026a5524b0d4f0d3;8f2528d2ba0e05485210;c13d5a010789f6f44c11;6a18d985481870e99d72;902be756a877af6118c0;sci_9353c3c154cbf1cd3c54;sci_333316fb42bc0b910010,Normalization key: openalex:https://openalex.org/s139566883.
Publication source,Source frequency,Lecture notes in computer science,6,485,1.2,,,canonical works,all canonical works,single response; mutually exclusive normalized publication source,f9c1bb8b50eb65edbf84;7fc0513f51b7c61dad31;9d44b976cb2c076751e8;68306d2649f0e34ccfa7;4f06f0d72a1de087b5c5;25f6a5df250f3ed0360b,Normalization key: openalex:https://openalex.org/s106296714.
Publication source,Source frequency,Nurse Education Today,5,485,1.0,,,canonical works,all canonical works,single response; mutually exclusive normalized publication source,669cbda7d16ac3f32155;2610ebe5f560db94c888;3adc77e0b0502fcefcc3;434224fa76b1280311a5;58a5647e55ff3ae5746e,Normalization key: openalex:https://openalex.org/s62565178.
Publication source,Source frequency,Nurse Educator,5,485,1.0,,,canonical works,all canonical works,single response; mutually exclusive normalized publication source,0b1e929029c5b43c5beb;7ab76d429b6539b40243;4bae43896a7e20da2e4b;60653c070afcf8848788;4252b0b43599d37a154a,Normalization key: openalex:https://openalex.org/s203226007.
Publication source,Source frequency,2026 IEEE 14th International Conference on Healthcare Informatics (ICHI),4,485,0.8,,,canonical works,all canonical works,single response; mutually exclusive normalized publication source,425ec6ee2ca714b7434a;f68a92632e9b465b9cd8;4a9222af3af0a24b98ba;20e73ed62a3078e6a9b4,Normalization key: name:2026 ieee 14th international conference on healthcare informatics (ichi).
Publication source,Source frequency,BMC Nursing,4,485,0.8,,,canonical works,all canonical works,single response; mutually exclusive normalized publication source,94ed3a0dbe4657397dc4;03dcc8a1b078476d19e0;7a5ffafc98c031b3684e;c58a4682ca46d2e66e96,Normalization key: openalex:https://openalex.org/s107799410.
Publication source,Source frequency,DOAJ (DOAJ: Directory of Open Access Journals),4,485,0.8,,,canonical works,all canonical works,single response; mutually exclusive normalized publication source,b36e071a220a2c96e7c2;1f1c780e93f8833f8015;3e6c586541bbab277f12;b777355095979479280c,Normalization key: openalex:https://openalex.org/s4306401280.
Publication source,Source frequency,Medical Science Educator,4,485,0.8,,,canonical works,all canonical works,single response; mutually exclusive normalized publication source,sci_300870bf7109221baf28;f5e8d39c518465a0d255;b4ed643f7430dbf0ccb9;49a3c3f5df637d33e854,Normalization key: openalex:https://openalex.org/s2764386890.
Publication source,Source frequency,American Journal of Pharmaceutical Education,3,485,0.6,,,canonical works,all canonical works,single response; mutually exclusive normalized publication source,7f98755e27ed54f044ae;e4987ba5c8f46735e9ff;e28e63bbe4974bda0026,Normalization key: openalex:https://openalex.org/s32993367.
Publication source,Source frequency,Applied Sciences,3,485,0.6,,,canonical works,all canonical works,single response; mutually exclusive normalized publication source,e5814fecd144cc3fe016;1df5cdc0b4ba5e34b2ba;6ab002878664147423a1,Normalization key: openalex:https://openalex.org/s4210205812.
Publication source,Source frequency,BJPsych Open,3,485,0.6,,,canonical works,all canonical works,single response; mutually exclusive normalized publication source,86d7e55b4cfd49b202f0;b216d2e3bbb753147fd2;4f796e0ce90dce8d4da8,Normalization key: openalex:https://openalex.org/s2764831659.
Publication source,Source frequency,Communications in computer and information science,3,485,0.6,,,canonical works,all canonical works,single response; mutually exclusive normalized publication source,4b5e1bc310423d1d0555;ab784e3f29bfc7622997;e9d6ceded269a04cde99,Normalization key: openalex:https://openalex.org/s2764900261.
Publication source,Source frequency,International Medical Education,3,485,0.6,,,canonical works,all canonical works,single response; mutually exclusive normalized publication source,58483951ebaed609e26a;7f84c902e862e25dbf2c;e2272dd53f2ee764e3a8,Normalization key: openalex:https://openalex.org/s4387280660.
Publication source,Source frequency,Journal of surgical education,3,485,0.6,,,canonical works,all canonical works,single response; mutually exclusive normalized publication source,501d19c3bd3160083e8a;1c5402a057ba8f451244;sci_1b84a9e2391f6779175c,Normalization key: openalex:https://openalex.org/s74622277.
Publication source,Source frequency,Medical Education,3,485,0.6,,,canonical works,all canonical works,single response; mutually exclusive normalized publication source,5d6128771afb1cccb251;1158803af3fb0ab9c072;cc3c546075dc11e58802,Normalization key: openalex:https://openalex.org/s54816476.
Publication source,Source frequency,npj Digital Medicine,3,485,0.6,,,canonical works,all canonical works,single response; mutually exclusive normalized publication source,adc1485c258278b24c4e;ea8e0a7c38a125bf8f1d;aa05a5932f8ebb716574,Normalization key: openalex:https://openalex.org/s4210195431.
Publication source,Source frequency,2024 Joint 13th International Conference on Soft Computing and Intelligent Systems and 25th International Symposium on Advanced Intelligent Systems (SCIS&ISIS),2,485,0.4,,,canonical works,all canonical works,single response; mutually exclusive normalized publication source,859f96f4eca259cdb9e8;fcd1902a5e565b2d2fcc,Normalization key: name:2024 joint 13th international conference on soft computing and intelligent systems and 25th international symposium on advanced intelligent systems (scis&isis).
Publication source,Source frequency,Advances in Medical Education and Practice,2,485,0.4,,,canonical works,all canonical works,single response; mutually exclusive normalized publication source,9287cf74b213e44a489d;588316012a3f2d9b790a,Normalization key: openalex:https://openalex.org/s2765062736.
Publication source,Source frequency,BMC Psychiatry,2,485,0.4,,,canonical works,all canonical works,single response; mutually exclusive normalized publication source,be9dea9f8b093b59c0c4;2c33e3b00e199776ba05,Normalization key: openalex:https://openalex.org/s94610253.
Publication source,Source frequency,Chinese Journal of Nursing Education,2,485,0.4,,,canonical works,all canonical works,single response; mutually exclusive normalized publication source,sci_b283d7022275d4ea7f72;sci_205c7c070474c3f60b30,Normalization key: name:chinese journal of nursing education.
Publication source,Source frequency,Currents in Pharmacy Teaching and Learning,2,485,0.4,,,canonical works,all canonical works,single response; mutually exclusive normalized publication source,dcce0a8cef5543c4fec4;afc8c786ca5b65ba8c74,Normalization key: openalex:https://openalex.org/s41481881.
Publication source,Source frequency,Frontiers in Digital Health,2,485,0.4,,,canonical works,all canonical works,single response; mutually exclusive normalized publication source,55c688efa556cdf3a77e;319d5b791f54df181b23,Normalization key: openalex:https://openalex.org/s4210170686.
Publication source,Source frequency,Frontiers in Public Health,2,485,0.4,,,canonical works,all canonical works,single response; mutually exclusive normalized publication source,25591cbc3c2b21cbfbdf;48e2ce8734d9d1acb602,Normalization key: openalex:https://openalex.org/s2595931848.
Publication source,Source frequency,Healthcare,2,485,0.4,,,canonical works,all canonical works,single response; mutually exclusive normalized publication source,5a18de075da6eacf874c;59ac00c951a84da39213,Normalization key: openalex:https://openalex.org/s4210214101.
Publication source,Source frequency,International Endodontic Journal,2,485,0.4,,,canonical works,all canonical works,single response; mutually exclusive normalized publication source,e73b99fafd0009a6e927;sci_454fe3ad37947557e9a6,Normalization key: openalex:https://openalex.org/s50094856.
Publication source,Source frequency,JACCP JOURNAL OF THE AMERICAN COLLEGE OF CLINICAL PHARMACY,2,485,0.4,,,canonical works,all canonical works,single response; mutually exclusive normalized publication source,1a8a9f25ccdf589f88f6;03e1a6632b830e0512c9,Normalization key: openalex:https://openalex.org/s4210206892.
Publication source,Source frequency,Journal of Doctoral Nursing Practice,2,485,0.4,,,canonical works,all canonical works,single response; mutually exclusive normalized publication source,c301ce506b01b01e6207;ef046f239f256df5f180,Normalization key: openalex:https://openalex.org/s4210219983.
Publication source,Source frequency,Journal of Paramedic Practice,2,485,0.4,,,canonical works,all canonical works,single response; mutually exclusive normalized publication source,a03df064164f1b54d1d5;b6f4bfb66f82ba008b32,Normalization key: openalex:https://openalex.org/s2764700125.
Publication source,Source frequency,Korean journal of medical education,2,485,0.4,,,canonical works,all canonical works,single response; mutually exclusive normalized publication source,9d0e015a74d4a026b092;0a2c09d04e10e0478041,Normalization key: openalex:https://openalex.org/s194610430.
Publication source,Source frequency,Lecture notes in networks and systems,2,485,0.4,,,canonical works,all canonical works,single response; mutually exclusive normalized publication source,72f2fcd3a833c8b6e39e;8a1c6e7038c447a20568,Normalization key: openalex:https://openalex.org/s4210169156.
Publication source,Source frequency,Nursing Reports,2,485,0.4,,,canonical works,all canonical works,single response; mutually exclusive normalized publication source,4781da10664bc6a33ebc;b924bd45d30abb49831e,Normalization key: openalex:https://openalex.org/s4210184543.
Publication source,Source frequency,Plastic & Reconstructive Surgery Global Open,2,485,0.4,,,canonical works,all canonical works,single response; mutually exclusive normalized publication source,c9defba9bce13454aa5f;843a6b1f2c79c1bd4273,Normalization key: openalex:https://openalex.org/s2754281505.
Publication source,Source frequency,PLoS ONE,2,485,0.4,,,canonical works,all canonical works,single response; mutually exclusive normalized publication source,061a5c17950367156401;d2f64f874b70a189b145,Normalization key: openalex:https://openalex.org/s202381698.
Publication source,Source frequency,Proceedings of IMPRS,2,485,0.4,,,canonical works,all canonical works,single response; mutually exclusive normalized publication source,0aea8997b3d07a3c7455;b94b9bcb1d96d93db9c0,Normalization key: openalex:https://openalex.org/s4210207624.
Publication source,Source frequency,Proceedings of the LAK26: 16th International Learning Analytics and Knowledge Conference,2,485,0.4,,,canonical works,all canonical works,single response; mutually exclusive normalized publication source,302dee907e926e18ddba;d11ce96adb05741aef6d,Normalization key: name:proceedings of the lak26: 16th international learning analytics and knowledge conference.
Publication source,Source frequency,PubMed,2,485,0.4,,,canonical works,all canonical works,single response; mutually exclusive normalized publication source,035291e867ecf965f467;8bece1a102e2fe87b74e,Normalization key: openalex:https://openalex.org/s4306525036.
Publication source,Source frequency,Radiography,2,485,0.4,,,canonical works,all canonical works,single response; mutually exclusive normalized publication source,633dafafd7b2de3e7ad0;sci_d54eaf2ee85c6160a060,Normalization key: openalex:https://openalex.org/s127482523.
Publication source,Source frequency,Research Square,2,485,0.4,,,canonical works,all canonical works,single response; mutually exclusive normalized publication source,15b1e2fee67db58575b7;ac37bfba546f78614410,Normalization key: openalex:https://openalex.org/s4306525896.
Publication source,Source frequency,Teaching and learning in nursing,2,485,0.4,,,canonical works,all canonical works,single response; mutually exclusive normalized publication source,sci_49f3e83303945c5d95da;adf94a39c16c36a40d45,Normalization key: openalex:https://openalex.org/s167068830.
Publication source,Source frequency,The Hearing Journal,2,485,0.4,,,canonical works,all canonical works,single response; mutually exclusive normalized publication source,0835d7fde9c090ca963c;6457c6be7c6ba150ede6,Normalization key: openalex:https://openalex.org/s2764881414.
Publication source,Source frequency,Zenodo (CERN European Organization for Nuclear Research),2,485,0.4,,,canonical works,all canonical works,single response; mutually exclusive normalized publication source,1131dfab50144331e92a;d290e5bf22b00e731795,Normalization key: openalex:https://openalex.org/s4306400562.
Publication source,Source frequency,16th International Learning Analytics and Knowledge Conference Lak 2026,1,485,0.2,,,canonical works,all canonical works,single response; mutually exclusive normalized publication source,sci_b852c26f48dfbf482b84,Normalization key: name:16th international learning analytics and knowledge conference lak 2026.
Publication source,Source frequency,2024 IEEE International Conference on Big Data (BigData),1,485,0.2,,,canonical works,all canonical works,single response; mutually exclusive normalized publication source,8616afb3ca85007ec9d7,Normalization key: name:2024 ieee international conference on big data (bigdata).
Publication source,Source frequency,"2024 International Conference on System, Computation, Automation and Networking (ICSCAN)",1,485,0.2,,,canonical works,all canonical works,single response; mutually exclusive normalized publication source,416753b67d9e900455c8,"Normalization key: name:2024 international conference on system, computation, automation and networking (icscan)."
Publication source,Source frequency,2025 10th International Conference on Information Technology and Digital Application (ICITDA),1,485,0.2,,,canonical works,all canonical works,single response; mutually exclusive normalized publication source,36878122d89a1f0ba51c,Normalization key: name:2025 10th international conference on information technology and digital application (icitda).
Publication source,Source frequency,2025 27th Symposium on Virtual and Augmented Reality (SVR),1,485,0.2,,,canonical works,all canonical works,single response; mutually exclusive normalized publication source,1c9542cefba3287a5281,Normalization key: name:2025 27th symposium on virtual and augmented reality (svr).
Publication source,Source frequency,2025 5th International Conference on Artificial Intelligence and Signal Processing (AISP),1,485,0.2,,,canonical works,all canonical works,single response; mutually exclusive normalized publication source,5b356113a239c62ba5ac,Normalization key: name:2025 5th international conference on artificial intelligence and signal processing (aisp).
Publication source,Source frequency,2025 IEEE 9th International Conference on Information and Communication Technology (CICT),1,485,0.2,,,canonical works,all canonical works,single response; mutually exclusive normalized publication source,3e3d7476a0d0198a12a3,Normalization key: name:2025 ieee 9th international conference on information and communication technology (cict).
Publication source,Source frequency,2025 IEEE Conference on Artificial Intelligence (CAI),1,485,0.2,,,canonical works,all canonical works,single response; mutually exclusive normalized publication source,758d651bc8d5020199f1,Normalization key: name:2025 ieee conference on artificial intelligence (cai).
Publication source,Source frequency,2025 IEEE Conference on Serious Games and Applications for Health (SeGAH),1,485,0.2,,,canonical works,all canonical works,single response; mutually exclusive normalized publication source,30b04ea7e17c283383c8,Normalization key: name:2025 ieee conference on serious games and applications for health (segah).
Publication source,Source frequency,"2025 IEEE Gaming, Entertainment, and Media Conference (GEM)",1,485,0.2,,,canonical works,all canonical works,single response; mutually exclusive normalized publication source,4fed0ae03cd7415c40f4,"Normalization key: name:2025 ieee gaming, entertainment, and media conference (gem)."
Publication source,Source frequency,"2025 IEEE International Conference on Systems, Man, and Cybernetics (SMC)",1,485,0.2,,,canonical works,all canonical works,single response; mutually exclusive normalized publication source,1a1d7801effe1e2b850a,"Normalization key: name:2025 ieee international conference on systems, man, and cybernetics (smc)."
Publication source,Source frequency,"2025 IEEE International Conference on Teaching, Assessment, and Learning for Engineering (TALE)",1,485,0.2,,,canonical works,all canonical works,single response; mutually exclusive normalized publication source,ead3628c23fe3e244e24,"Normalization key: name:2025 ieee international conference on teaching, assessment, and learning for engineering (tale)."
Publication source,Source frequency,2025 IEEE International Symposium on Mixed and Augmented Reality Adjunct (ISMAR-Adjunct),1,485,0.2,,,canonical works,all canonical works,single response; mutually exclusive normalized publication source,1557e783fc8af1e8fdd6,Normalization key: name:2025 ieee international symposium on mixed and augmented reality adjunct (ismar-adjunct).
Publication source,Source frequency,2025 International Conference on Smart Learning Courses Scme 2025,1,485,0.2,,,canonical works,all canonical works,single response; mutually exclusive normalized publication source,sci_0f0b074ee785f63a5645,Normalization key: name:2025 international conference on smart learning courses scme 2025.
Publication source,Source frequency,2025 International Joint Conference on Neural Networks (IJCNN),1,485,0.2,,,canonical works,all canonical works,single response; mutually exclusive normalized publication source,df4adbef2a265890959e,Normalization key: name:2025 international joint conference on neural networks (ijcnn).
Publication source,Source frequency,2025 International Workshop on Artificial Intelligence and Education (WAIE),1,485,0.2,,,canonical works,all canonical works,single response; mutually exclusive normalized publication source,437f09a0c472e4ba343e,Normalization key: name:2025 international workshop on artificial intelligence and education (waie).
Publication source,Source frequency,2025 Medical Technologies Congress (TIPTEKNO),1,485,0.2,,,canonical works,all canonical works,single response; mutually exclusive normalized publication source,86f76ce0ac18d03915b2,Normalization key: name:2025 medical technologies congress (tiptekno).
Publication source,Source frequency,2026 12th International Conference of the Immersive Learning Research Network (iLRN) Proceedings - Selected Academic Contributions,1,485,0.2,,,canonical works,all canonical works,single response; mutually exclusive normalized publication source,b608f772e32f2dbbff5e,Normalization key: name:2026 12th international conference of the immersive learning research network (ilrn) proceedings - selected academic contributions.
Publication source,Source frequency,2026 14th International Conference on Information and Education Technology (ICIET),1,485,0.2,,,canonical works,all canonical works,single response; mutually exclusive normalized publication source,539c65e906ee41f3eabf,Normalization key: name:2026 14th international conference on information and education technology (iciet).
Publication source,Source frequency,2026 IEEE Conference on Artificial Intelligence (CAI),1,485,0.2,,,canonical works,all canonical works,single response; mutually exclusive normalized publication source,4eabef99b9ccb8ef8fd4,Normalization key: name:2026 ieee conference on artificial intelligence (cai).
Publication source,Source frequency,2026 IEEE International Conference on Artificial Intelligence and eXtended and Virtual Reality (AIxVR),1,485,0.2,,,canonical works,all canonical works,single response; mutually exclusive normalized publication source,37a099d4d3aa15cafaa9,Normalization key: name:2026 ieee international conference on artificial intelligence and extended and virtual reality (aixvr).
Publication source,Source frequency,Academic Radiology,1,485,0.2,,,canonical works,all canonical works,single response; mutually exclusive normalized publication source,ec6081495209898a9c42,Normalization key: openalex:https://openalex.org/s182038535.
Publication source,Source frequency,ACM Transactions on Computing for Healthcare,1,485,0.2,,,canonical works,all canonical works,single response; mutually exclusive normalized publication source,bc52d7f8f145e43beefc,Normalization key: openalex:https://openalex.org/s4210174653.
Publication source,Source frequency,Advances in Education,1,485,0.2,,,canonical works,all canonical works,single response; mutually exclusive normalized publication source,bda47b5b58b47ca77285,Normalization key: openalex:https://openalex.org/s2764477435.
Publication source,Source frequency,Advances in healthcare information systems and administration book series,1,485,0.2,,,canonical works,all canonical works,single response; mutually exclusive normalized publication source,5966d1a884499670acf2,Normalization key: openalex:https://openalex.org/s4210171330.
Publication source,Source frequency,AEM Education and Training,1,485,0.2,,,canonical works,all canonical works,single response; mutually exclusive normalized publication source,039798e4f1498c17cf82,Normalization key: openalex:https://openalex.org/s4210216950.
Publication source,Source frequency,AI in Medicine,1,485,0.2,,,canonical works,all canonical works,single response; mutually exclusive normalized publication source,91738aa3fb8146efb96d,Normalization key: openalex:https://openalex.org/s5407053518.
Publication source,Source frequency,AME Surgical Journal,1,485,0.2,,,canonical works,all canonical works,single response; mutually exclusive normalized publication source,sci_6840c15b05b568f05153,Normalization key: openalex:https://openalex.org/s4210217574.
Publication source,Source frequency,Anesthesiology,1,485,0.2,,,canonical works,all canonical works,single response; mutually exclusive normalized publication source,48a55d4cf5cff922481f,Normalization key: openalex:https://openalex.org/s124035732.
Publication source,Source frequency,Annual Review of Cybertherapy and Telemedicine,1,485,0.2,,,canonical works,all canonical works,single response; mutually exclusive normalized publication source,sci_ce41b4792638011f5d74,Normalization key: name:annual review of cybertherapy and telemedicine.
Publication source,Source frequency,Archives for Technical Sciences,1,485,0.2,,,canonical works,all canonical works,single response; mutually exclusive normalized publication source,eb6afac746ee34d7a37f,Normalization key: openalex:https://openalex.org/s4210184121.
Publication source,Source frequency,Archives of Disease in Childhood,1,485,0.2,,,canonical works,all canonical works,single response; mutually exclusive normalized publication source,b4fa4675ffa2674da6e1,Normalization key: openalex:https://openalex.org/s207294652.
Publication source,Source frequency,Arthritis Care & Research,1,485,0.2,,,canonical works,all canonical works,single response; mutually exclusive normalized publication source,bb3a5362f067d65fc98d,Normalization key: openalex:https://openalex.org/s13698240.
Publication source,Source frequency,Artificial Intelligence in Health,1,485,0.2,,,canonical works,all canonical works,single response; mutually exclusive normalized publication source,sci_f57abde71790ef1bc83d,Normalization key: openalex:https://openalex.org/s5407045065.
Publication source,Source frequency,ArXiv,1,485,0.2,,,canonical works,all canonical works,single response; mutually exclusive normalized publication source,85b8ae635d7a78f669e0,Normalization key: name:arxiv.
Publication source,Source frequency,ASCILITE Publications,1,485,0.2,,,canonical works,all canonical works,single response; mutually exclusive normalized publication source,33fa7a94d105663796d8,Normalization key: openalex:https://openalex.org/s4387284248.
Publication source,Source frequency,Asian Conference on Education official conference proceedings/ACE,1,485,0.2,,,canonical works,all canonical works,single response; mutually exclusive normalized publication source,32c1dcd0212f833ee125,Normalization key: openalex:https://openalex.org/s4220651177.
Publication source,Source frequency,Behavioral Sciences,1,485,0.2,,,canonical works,all canonical works,single response; mutually exclusive normalized publication source,sci_a8f02e0b2a448efff5e6,Normalization key: openalex:https://openalex.org/s4210194710.
Publication source,Source frequency,BMC Anesthesiology,1,485,0.2,,,canonical works,all canonical works,single response; mutually exclusive normalized publication source,34ab5ecef79b768723f6,Normalization key: openalex:https://openalex.org/s197988427.
Publication source,Source frequency,BMC Research Notes,1,485,0.2,,,canonical works,all canonical works,single response; mutually exclusive normalized publication source,713e417da7d85579b2d1,Normalization key: openalex:https://openalex.org/s100014455.
Publication source,Source frequency,British Journal of Cardiac Nursing,1,485,0.2,,,canonical works,all canonical works,single response; mutually exclusive normalized publication source,06baad752a52246f7f43,Normalization key: openalex:https://openalex.org/s83245930.
Publication source,Source frequency,British Journal of Dermatology,1,485,0.2,,,canonical works,all canonical works,single response; mutually exclusive normalized publication source,8094cb5448e9c4e2f371,Normalization key: openalex:https://openalex.org/s45720283.
Publication source,Source frequency,British journal of surgery,1,485,0.2,,,canonical works,all canonical works,single response; mutually exclusive normalized publication source,c98aa2499bea62fd3f2a,Normalization key: openalex:https://openalex.org/s61740008.
Publication source,Source frequency,Canadian Medical Education Journal,1,485,0.2,,,canonical works,all canonical works,single response; mutually exclusive normalized publication source,243562012607f7033171,Normalization key: openalex:https://openalex.org/s2764494900.
Publication source,Source frequency,Case Reports and Reviews,1,485,0.2,,,canonical works,all canonical works,single response; mutually exclusive normalized publication source,a44cf2193e8756673fa7,Normalization key: openalex:https://openalex.org/s4210184617.
Publication source,Source frequency,CIN Computers Informatics Nursing,1,485,0.2,,,canonical works,all canonical works,single response; mutually exclusive normalized publication source,e4caff2128dfb4f4ac0c,Normalization key: openalex:https://openalex.org/s92758036.
Publication source,Source frequency,Clinical and Experimental Optometry,1,485,0.2,,,canonical works,all canonical works,single response; mutually exclusive normalized publication source,54972cda535948a803e8,Normalization key: openalex:https://openalex.org/s110643388.
Publication source,Source frequency,Clinical Kidney Journal,1,485,0.2,,,canonical works,all canonical works,single response; mutually exclusive normalized publication source,03345c1deb2aad29820e,Normalization key: openalex:https://openalex.org/s117236744.
Publication source,Source frequency,Communications Medicine,1,485,0.2,,,canonical works,all canonical works,single response; mutually exclusive normalized publication source,d977c356ff57ab060fef,Normalization key: openalex:https://openalex.org/s4210167893.
Publication source,Source frequency,Companion of the 2024 ACM/IEEE International Conference on Human-Robot Interaction,1,485,0.2,,,canonical works,all canonical works,single response; mutually exclusive normalized publication source,538dc624d4f06d86f6a2,Normalization key: name:companion of the 2024 acm/ieee international conference on human-robot interaction.
Publication source,Source frequency,Companion Publication of the 2025 Conference on Computer-Supported Cooperative Work and Social Computing,1,485,0.2,,,canonical works,all canonical works,single response; mutually exclusive normalized publication source,72c30900482428bf1e49,Normalization key: name:companion publication of the 2025 conference on computer-supported cooperative work and social computing.
Publication source,Source frequency,Computational and Structural Biotechnology Journal,1,485,0.2,,,canonical works,all canonical works,single response; mutually exclusive normalized publication source,432422a165ddc6a24c2f,Normalization key: openalex:https://openalex.org/s2764539591.
Publication source,Source frequency,Computer,1,485,0.2,,,canonical works,all canonical works,single response; mutually exclusive normalized publication source,e3ee954b5290b4f74f0b,Normalization key: openalex:https://openalex.org/s178916657.
Publication source,Source frequency,Computer Methods and Programs in Biomedicine,1,485,0.2,,,canonical works,all canonical works,single response; mutually exclusive normalized publication source,f2be4ac5256845407914,Normalization key: openalex:https://openalex.org/s138959710.
Publication source,Source frequency,Computer-supported collaborative learning/The Computer-Supported Collaborative Learning Conference,1,485,0.2,,,canonical works,all canonical works,single response; mutually exclusive normalized publication source,43f6ad0fa6f4597d56fc,Normalization key: openalex:https://openalex.org/s4210204758.
Publication source,Source frequency,Computers in Human Behavior Artificial Humans,1,485,0.2,,,canonical works,all canonical works,single response; mutually exclusive normalized publication source,e4a287ed511b7be9baa5,Normalization key: openalex:https://openalex.org/s4387287529.
Publication source,Source frequency,Conference on Human Factors in Computing Systems Proceedings,1,485,0.2,,,canonical works,all canonical works,single response; mutually exclusive normalized publication source,sci_93a452609f10d60e9d33,Normalization key: name:conference on human factors in computing systems proceedings.
Publication source,Source frequency,Counselling and Psychotherapy Research,1,485,0.2,,,canonical works,all canonical works,single response; mutually exclusive normalized publication source,4dcbdf4bf0f5a9a6c8c8,Normalization key: openalex:https://openalex.org/s48298795.
Publication source,Source frequency,Cureus Journal of Computer Science.,1,485,0.2,,,canonical works,all canonical works,single response; mutually exclusive normalized publication source,19e84bd61f0782eec51c,Normalization key: openalex:https://openalex.org/s4404677308.
Publication source,Source frequency,Current Opinion in Epidemiology and Public Health,1,485,0.2,,,canonical works,all canonical works,single response; mutually exclusive normalized publication source,12a5244797e0de4599d0,Normalization key: openalex:https://openalex.org/s4387291447.
Publication source,Source frequency,Current Opinion in Urology,1,485,0.2,,,canonical works,all canonical works,single response; mutually exclusive normalized publication source,166aa3cc368ebd076b91,Normalization key: openalex:https://openalex.org/s110589544.
Publication source,Source frequency,Current Problems in Diagnostic Radiology,1,485,0.2,,,canonical works,all canonical works,single response; mutually exclusive normalized publication source,e5304eeb960c6393b03a,Normalization key: openalex:https://openalex.org/s151836202.
Publication source,Source frequency,Diabetic Medicine,1,485,0.2,,,canonical works,all canonical works,single response; mutually exclusive normalized publication source,f54e36609097c96e8b6d,Normalization key: openalex:https://openalex.org/s72944096.
Publication source,Source frequency,Digital Creativity,1,485,0.2,,,canonical works,all canonical works,single response; mutually exclusive normalized publication source,9eb3b25f5e4e48cdcb6a,Normalization key: openalex:https://openalex.org/s72842422.
Publication source,Source frequency,Discover Artificial Intelligence,1,485,0.2,,,canonical works,all canonical works,single response; mutually exclusive normalized publication source,9b5ff9099d241db5f86a,Normalization key: openalex:https://openalex.org/s4210220416.
Publication source,Source frequency,Discover Education,1,485,0.2,,,canonical works,all canonical works,single response; mutually exclusive normalized publication source,2972cffe675ec25e930c,Normalization key: openalex:https://openalex.org/s4387280196.
Publication source,Source frequency,DR-NTU (Nanyang Technological University),1,485,0.2,,,canonical works,all canonical works,single response; mutually exclusive normalized publication source,35ffd2cef7df5e4ea7fc,Normalization key: openalex:https://openalex.org/s4306402609.
Publication source,Source frequency,Educación Médica,1,485,0.2,,,canonical works,all canonical works,single response; mutually exclusive normalized publication source,6d85b580a0562cc121d4,Normalization key: openalex:https://openalex.org/s2898578271.
Publication source,Source frequency,Education Sciences,1,485,0.2,,,canonical works,all canonical works,single response; mutually exclusive normalized publication source,107a276748b6c98a2e50,Normalization key: openalex:https://openalex.org/s2738008561.
Publication source,Source frequency,Educação & Inovação,1,485,0.2,,,canonical works,all canonical works,single response; mutually exclusive normalized publication source,fc535dce265384650ae6,Normalization key: openalex:https://openalex.org/s5407049739.
Publication source,Source frequency,EIJRIHS,1,485,0.2,,,canonical works,all canonical works,single response; mutually exclusive normalized publication source,681bba8e632d1614f426,Normalization key: openalex:https://openalex.org/s7407062598.
Publication source,Source frequency,Electronics,1,485,0.2,,,canonical works,all canonical works,single response; mutually exclusive normalized publication source,47160b043b610b447eca,Normalization key: openalex:https://openalex.org/s4210202905.
Publication source,Source frequency,Emnlp 2024 2024 Conference on Empirical Methods in Natural Language Processing Proceedings of the Conference,1,485,0.2,,,canonical works,all canonical works,single response; mutually exclusive normalized publication source,sci_637ee1f73b6fd5027d1c,Normalization key: name:emnlp 2024 2024 conference on empirical methods in natural language processing proceedings of the conference.
Publication source,Source frequency,European Conference on Games Based Learning,1,485,0.2,,,canonical works,all canonical works,single response; mutually exclusive normalized publication source,886368e8c3c194de3abd,Normalization key: openalex:https://openalex.org/s4386872478.
Publication source,Source frequency,European Conference on Modelling and Simulation,1,485,0.2,,,canonical works,all canonical works,single response; mutually exclusive normalized publication source,ae74530d7e9fa7f91f65,Normalization key: name:european conference on modelling and simulation.
Publication source,Source frequency,European Heart Journal - Digital Health,1,485,0.2,,,canonical works,all canonical works,single response; mutually exclusive normalized publication source,81e99943a71c35f1b5e2,Normalization key: openalex:https://openalex.org/s4210220198.
Publication source,Source frequency,European Journal Of Dental Education,1,485,0.2,,,canonical works,all canonical works,single response; mutually exclusive normalized publication source,fa24b39d9c9c2f6142d6,Normalization key: openalex:https://openalex.org/s158472458.
Publication source,Source frequency,European Journal of Education and Pedagogy,1,485,0.2,,,canonical works,all canonical works,single response; mutually exclusive normalized publication source,f1b256cdccd6208d0cc8,Normalization key: openalex:https://openalex.org/s4210221783.
Publication source,Source frequency,European Journal of Investigation in Health Psychology and Education,1,485,0.2,,,canonical works,all canonical works,single response; mutually exclusive normalized publication source,98c23d01b9fb23bd43c4,Normalization key: openalex:https://openalex.org/s2739472552.
Publication source,Source frequency,European journal of training and development,1,485,0.2,,,canonical works,all canonical works,single response; mutually exclusive normalized publication source,70cb1e0a134b7f41b447,Normalization key: openalex:https://openalex.org/s2764516016.
Publication source,Source frequency,European Psychiatry,1,485,0.2,,,canonical works,all canonical works,single response; mutually exclusive normalized publication source,ea35181a48e801132195,Normalization key: openalex:https://openalex.org/s87202501.
Publication source,Source frequency,European Stroke Journal,1,485,0.2,,,canonical works,all canonical works,single response; mutually exclusive normalized publication source,593c7da1de5e9f26b59d,Normalization key: openalex:https://openalex.org/s4210181306.
Publication source,Source frequency,Ewha Medical Journal,1,485,0.2,,,canonical works,all canonical works,single response; mutually exclusive normalized publication source,654de90417901825feeb,Normalization key: openalex:https://openalex.org/s2764859838.
Publication source,Source frequency,Family Medicine,1,485,0.2,,,canonical works,all canonical works,single response; mutually exclusive normalized publication source,d02cfb250e397dd52db5,Normalization key: openalex:https://openalex.org/s126771428.
Publication source,Source frequency,Fortune Journal of Health Sciences,1,485,0.2,,,canonical works,all canonical works,single response; mutually exclusive normalized publication source,aea68236a77645892d74,Normalization key: openalex:https://openalex.org/s4210193786.
Publication source,Source frequency,Forum of Public Safety and Culture,1,485,0.2,,,canonical works,all canonical works,single response; mutually exclusive normalized publication source,f6df2d018d41c258414a,Normalization key: openalex:https://openalex.org/s4210221518.
Publication source,Source frequency,Future Healthcare Journal,1,485,0.2,,,canonical works,all canonical works,single response; mutually exclusive normalized publication source,ff3b7f48f6f586cf90b7,Normalization key: openalex:https://openalex.org/s4210167701.
Publication source,Source frequency,Gastroenterology,1,485,0.2,,,canonical works,all canonical works,single response; mutually exclusive normalized publication source,c6db1164aeacaa778bd4,Normalization key: openalex:https://openalex.org/s143352558.
Publication source,Source frequency,Gesellschaft für Informatik (GI),1,485,0.2,,,canonical works,all canonical works,single response; mutually exclusive normalized publication source,sci_0deb435b497fb81c6d22,Normalization key: openalex:https://openalex.org/s7407052918.
Publication source,Source frequency,Global Medical Education,1,485,0.2,,,canonical works,all canonical works,single response; mutually exclusive normalized publication source,0b386fbba1d6908a565d,Normalization key: openalex:https://openalex.org/s4394708419.
Publication source,Source frequency,Global Surgical Education - Journal of the Association for Surgical Education,1,485,0.2,,,canonical works,all canonical works,single response; mutually exclusive normalized publication source,79301031755b16db8fe6,Normalization key: openalex:https://openalex.org/s4210206578.
Publication source,Source frequency,Health and Ecology Issues,1,485,0.2,,,canonical works,all canonical works,single response; mutually exclusive normalized publication source,8a18fabf9cf9be3f8a36,Normalization key: openalex:https://openalex.org/s4210212103.
Publication source,Source frequency,Health Professions Education,1,485,0.2,,,canonical works,all canonical works,single response; mutually exclusive normalized publication source,49bb4b3f2e5c7a1a3f92,Normalization key: openalex:https://openalex.org/s2898264183.
Publication source,Source frequency,Healthcare Administration Leadership & Management Journal,1,485,0.2,,,canonical works,all canonical works,single response; mutually exclusive normalized publication source,50e4613efeaaadc861f8,Normalization key: openalex:https://openalex.org/s4387286451.
Publication source,Source frequency,Huli yanjiu,1,485,0.2,,,canonical works,all canonical works,single response; mutually exclusive normalized publication source,ee3afe8181b997d521a2,Normalization key: name:huli yanjiu.
Publication source,Source frequency,IEEE Access,1,485,0.2,,,canonical works,all canonical works,single response; mutually exclusive normalized publication source,2f08c4b2b3acc1eaa9d5,Normalization key: openalex:https://openalex.org/s2485537415.
Publication source,Source frequency,IEICE Transactions on Information and Systems,1,485,0.2,,,canonical works,all canonical works,single response; mutually exclusive normalized publication source,f31767356a0db5360a3d,Normalization key: openalex:https://openalex.org/s2486202937.
Publication source,Source frequency,Indian Journal of Anaesthesia,1,485,0.2,,,canonical works,all canonical works,single response; mutually exclusive normalized publication source,6e06ede93e94c8f8e15c,Normalization key: openalex:https://openalex.org/s174280328.
Publication source,Source frequency,Indian Journal of Palliative Care,1,485,0.2,,,canonical works,all canonical works,single response; mutually exclusive normalized publication source,6fdf974a01dd27215f86,Normalization key: openalex:https://openalex.org/s204903767.
Publication source,Source frequency,Informatics,1,485,0.2,,,canonical works,all canonical works,single response; mutually exclusive normalized publication source,a3991fd1e09daca82f29,Normalization key: openalex:https://openalex.org/s2738238905.
Publication source,Source frequency,Innovation in Aging,1,485,0.2,,,canonical works,all canonical works,single response; mutually exclusive normalized publication source,7f735724143207af94c1,Normalization key: openalex:https://openalex.org/s2735557189.
Publication source,Source frequency,INTED proceedings,1,485,0.2,,,canonical works,all canonical works,single response; mutually exclusive normalized publication source,2dd7865e84af395616af,Normalization key: openalex:https://openalex.org/s4220650861.
Publication source,Source frequency,Intelligence-Based Medicine,1,485,0.2,,,canonical works,all canonical works,single response; mutually exclusive normalized publication source,197361cc9246160f71a5,Normalization key: openalex:https://openalex.org/s4210227372.
Publication source,Source frequency,Interactive Learning Environments,1,485,0.2,,,canonical works,all canonical works,single response; mutually exclusive normalized publication source,abda3007be07a5153c0c,Normalization key: openalex:https://openalex.org/s90466346.
Publication source,Source frequency,International Conference on Computer Supported Education Csedu Proceedings,1,485,0.2,,,canonical works,all canonical works,single response; mutually exclusive normalized publication source,sci_aea73a0d6d3e592a48a0,Normalization key: name:international conference on computer supported education csedu proceedings.
Publication source,Source frequency,International Journal of Advanced Corporate Learning (iJAC),1,485,0.2,,,canonical works,all canonical works,single response; mutually exclusive normalized publication source,af9edf1f4c2a0c11a5eb,Normalization key: openalex:https://openalex.org/s4210211470.
Publication source,Source frequency,International Journal of Applied Resilience and Sustainability,1,485,0.2,,,canonical works,all canonical works,single response; mutually exclusive normalized publication source,78b358c1b1f53fdbc100,Normalization key: openalex:https://openalex.org/s5407056132.
Publication source,Source frequency,International Journal of Drug Delivery Technology,1,485,0.2,,,canonical works,all canonical works,single response; mutually exclusive normalized publication source,a2fb845a99fa4f6e080c,Normalization key: openalex:https://openalex.org/s4210211336.
Publication source,Source frequency,International Journal of Educational Technology in Higher Education,1,485,0.2,,,canonical works,all canonical works,single response; mutually exclusive normalized publication source,906c1e2afc9ab8dc6794,Normalization key: openalex:https://openalex.org/s4210201537.
Publication source,Source frequency,International Journal of Health Sciences,1,485,0.2,,,canonical works,all canonical works,single response; mutually exclusive normalized publication source,afa9fe102dc8ed9bfaff,Normalization key: openalex:https://openalex.org/s4210179027.
Publication source,Source frequency,International Journal of Nursing Studies,1,485,0.2,,,canonical works,all canonical works,single response; mutually exclusive normalized publication source,beedb370b817079634f7,Normalization key: openalex:https://openalex.org/s56493663.
Publication source,Source frequency,International Journal of Pharmacy Practice,1,485,0.2,,,canonical works,all canonical works,single response; mutually exclusive normalized publication source,c8c9e4c672bea3a6d994,Normalization key: openalex:https://openalex.org/s63566508.
Publication source,Source frequency,International Journal of Research and Innovation in Social Science,1,485,0.2,,,canonical works,all canonical works,single response; mutually exclusive normalized publication source,643ef34d4dd326d5b164,Normalization key: openalex:https://openalex.org/s4210198394.
Publication source,Source frequency,International Journal of Transformative Health Professions Education,1,485,0.2,,,canonical works,all canonical works,single response; mutually exclusive normalized publication source,87dd3b9b5e7ef2d3f457,Normalization key: openalex:https://openalex.org/s5407046047.
Publication source,Source frequency,Iwsds 2026 16th International Workshop on Spoken Dialogue Systems Technology Proceedings of the Conference,1,485,0.2,,,canonical works,all canonical works,single response; mutually exclusive normalized publication source,sci_19c7e7b5094b7aa538d4,Normalization key: name:iwsds 2026 16th international workshop on spoken dialogue systems technology proceedings of the conference.
Publication source,Source frequency,JMIR AI,1,485,0.2,,,canonical works,all canonical works,single response; mutually exclusive normalized publication source,296fc2ba93325a6b3ed0,Normalization key: openalex:https://openalex.org/s4387286577.
Publication source,Source frequency,JMIR Medical Informatics,1,485,0.2,,,canonical works,all canonical works,single response; mutually exclusive normalized publication source,038dc9e15385ce662149,Normalization key: openalex:https://openalex.org/s2764650051.
Publication source,Source frequency,JMIR Mental Health,1,485,0.2,,,canonical works,all canonical works,single response; mutually exclusive normalized publication source,73f1b1dee9a19c0ea0af,Normalization key: openalex:https://openalex.org/s2764449704.
Publication source,Source frequency,Journal of Advanced Health Care,1,485,0.2,,,canonical works,all canonical works,single response; mutually exclusive normalized publication source,7d5cb710e5a6901bbaaa,Normalization key: openalex:https://openalex.org/s4394735677.
Publication source,Source frequency,Journal of Athletic Training Education and Practice,1,485,0.2,,,canonical works,all canonical works,single response; mutually exclusive normalized publication source,f917e0b66cef158b9df0,Normalization key: openalex:https://openalex.org/s5407048857.
Publication source,Source frequency,JOURNAL OF CLINICAL AND DIAGNOSTIC RESEARCH,1,485,0.2,,,canonical works,all canonical works,single response; mutually exclusive normalized publication source,d6b29e9cea0c868cc28e,Normalization key: openalex:https://openalex.org/s2737465529.
Publication source,Source frequency,Journal of Clinical Nursing,1,485,0.2,,,canonical works,all canonical works,single response; mutually exclusive normalized publication source,5dd47cd1855294dcfafd,Normalization key: openalex:https://openalex.org/s180106345.
Publication source,Source frequency,Journal of CME,1,485,0.2,,,canonical works,all canonical works,single response; mutually exclusive normalized publication source,a2883a095e505041a802,Normalization key: openalex:https://openalex.org/s4387286312.
Publication source,Source frequency,Journal of Contemporary Educational Research,1,485,0.2,,,canonical works,all canonical works,single response; mutually exclusive normalized publication source,fbcfe4a5c41e518e74ba,Normalization key: openalex:https://openalex.org/s4210177194.
Publication source,Source frequency,Journal of Cosmetic Dermatology,1,485,0.2,,,canonical works,all canonical works,single response; mutually exclusive normalized publication source,598901438bbefd691625,Normalization key: openalex:https://openalex.org/s169297576.
Publication source,Source frequency,Journal of Counseling & Development,1,485,0.2,,,canonical works,all canonical works,single response; mutually exclusive normalized publication source,sci_6140618886946efd3455,Normalization key: openalex:https://openalex.org/s1374498.
Publication source,Source frequency,Journal of Diseases Disorders & Treatments,1,485,0.2,,,canonical works,all canonical works,single response; mutually exclusive normalized publication source,9d1c14070287793c215b,Normalization key: openalex:https://openalex.org/s5407027467.
Publication source,Source frequency,Journal of Education Health and Sport,1,485,0.2,,,canonical works,all canonical works,single response; mutually exclusive normalized publication source,4ff984fed8d71f9ad381,Normalization key: openalex:https://openalex.org/s2737571363.
Publication source,Source frequency,Journal of Educational Evaluation for Health Professions,1,485,0.2,,,canonical works,all canonical works,single response; mutually exclusive normalized publication source,1b913a0ed3ab13c6f644,Normalization key: openalex:https://openalex.org/s30317932.
Publication source,Source frequency,Journal of Health Informatics and Statistics,1,485,0.2,,,canonical works,all canonical works,single response; mutually exclusive normalized publication source,4c10642623772d392b58,Normalization key: openalex:https://openalex.org/s4210198260.
Publication source,Source frequency,Journal of Healthcare Informatics Research,1,485,0.2,,,canonical works,all canonical works,single response; mutually exclusive normalized publication source,db80308782a219cbea0e,Normalization key: openalex:https://openalex.org/s4210196546.
Publication source,Source frequency,Journal of Healthcare Simulation,1,485,0.2,,,canonical works,all canonical works,single response; mutually exclusive normalized publication source,155acc9f21eba7b06b56,Normalization key: openalex:https://openalex.org/s5407050781.
Publication source,Source frequency,Journal of Information Systems Engineering & Management,1,485,0.2,,,canonical works,all canonical works,single response; mutually exclusive normalized publication source,c6788113fb3c0b6f7bcf,Normalization key: openalex:https://openalex.org/s2737791640.
Publication source,Source frequency,Journal of Korean Society for Simulation in Nursing,1,485,0.2,,,canonical works,all canonical works,single response; mutually exclusive normalized publication source,ce47d43f097c456cdf45,Normalization key: openalex:https://openalex.org/s4210172193.
Publication source,Source frequency,Journal of Medical Education and Curricular Development,1,485,0.2,,,canonical works,all canonical works,single response; mutually exclusive normalized publication source,27940ac9615817e019e3,Normalization key: openalex:https://openalex.org/s4210239328.
Publication source,Source frequency,Journal of Medicine and Life Science,1,485,0.2,,,canonical works,all canonical works,single response; mutually exclusive normalized publication source,1b087547ad0e2e8a3fa3,Normalization key: openalex:https://openalex.org/s4210219718.
Publication source,Source frequency,Journal of Midwifery & Women s Health,1,485,0.2,,,canonical works,all canonical works,single response; mutually exclusive normalized publication source,766fde2e997ea8140bd0,Normalization key: openalex:https://openalex.org/s11324131.
Publication source,Source frequency,Journal of Pharmacology and Experimental Therapeutics,1,485,0.2,,,canonical works,all canonical works,single response; mutually exclusive normalized publication source,180163049fadb98a0ef8,Normalization key: openalex:https://openalex.org/s102125482.
Publication source,Source frequency,Journal of Saidu Medical College,1,485,0.2,,,canonical works,all canonical works,single response; mutually exclusive normalized publication source,6fb769efa53620e383b7,Normalization key: openalex:https://openalex.org/s4210178971.
Publication source,Source frequency,Journal of Teaching and Learning with Technology,1,485,0.2,,,canonical works,all canonical works,single response; mutually exclusive normalized publication source,3a87ecbc1ceea37e2382,Normalization key: openalex:https://openalex.org/s4210193568.
Publication source,Source frequency,Journal of the American College of Surgeons,1,485,0.2,,,canonical works,all canonical works,single response; mutually exclusive normalized publication source,ba93136b38c9a66d059f,Normalization key: openalex:https://openalex.org/s134316426.
Publication source,Source frequency,Journal of the American Society of Nephrology,1,485,0.2,,,canonical works,all canonical works,single response; mutually exclusive normalized publication source,8ce5650fcd50af3976ab,Normalization key: openalex:https://openalex.org/s115693375.
Publication source,Source frequency,Journal of Transcultural Nursing,1,485,0.2,,,canonical works,all canonical works,single response; mutually exclusive normalized publication source,3bb7eee2436c25920c9e,Normalization key: openalex:https://openalex.org/s158751353.
Publication source,Source frequency,Journal of Veterinary Medical Education,1,485,0.2,,,canonical works,all canonical works,single response; mutually exclusive normalized publication source,ffe994fbb4a27b100f16,Normalization key: openalex:https://openalex.org/s43434489.
Publication source,Source frequency,Journal of Visualized Experiments,1,485,0.2,,,canonical works,all canonical works,single response; mutually exclusive normalized publication source,eb664530dc232a9e1750,Normalization key: openalex:https://openalex.org/s199738284.
Publication source,Source frequency,Kidney360,1,485,0.2,,,canonical works,all canonical works,single response; mutually exclusive normalized publication source,caf55d1c5f0358791a96,Normalization key: openalex:https://openalex.org/s4210217782.
Publication source,Source frequency,Korean Aging-Frendly Industry Association,1,485,0.2,,,canonical works,all canonical works,single response; mutually exclusive normalized publication source,eee52e824f1559f7759a,Normalization key: openalex:https://openalex.org/s4210210277.
Publication source,Source frequency,Kosin Medical Journal,1,485,0.2,,,canonical works,all canonical works,single response; mutually exclusive normalized publication source,38da855b4155bb083590,Normalization key: openalex:https://openalex.org/s2765077965.
Publication source,Source frequency,Learning and Instruction,1,485,0.2,,,canonical works,all canonical works,single response; mutually exclusive normalized publication source,327767a02786d8ff7a19,Normalization key: openalex:https://openalex.org/s78398831.
Publication source,Source frequency,Lecture notes in electrical engineering,1,485,0.2,,,canonical works,all canonical works,single response; mutually exclusive normalized publication source,bd2cdf16f21f3814f67d,Normalization key: openalex:https://openalex.org/s4210179954.
Publication source,Source frequency,Medical Research,1,485,0.2,,,canonical works,all canonical works,single response; mutually exclusive normalized publication source,987d3b654bc3d24dc464,Normalization key: openalex:https://openalex.org/s4210198916.
Publication source,Source frequency,Medical Research Archives,1,485,0.2,,,canonical works,all canonical works,single response; mutually exclusive normalized publication source,9eabda9ff317373c18d3,Normalization key: openalex:https://openalex.org/s2764661345.
Publication source,Source frequency,Medicina,1,485,0.2,,,canonical works,all canonical works,single response; mutually exclusive normalized publication source,sci_42199d910f14a1707aa3,Normalization key: name:medicina.
Publication source,Source frequency,Medicine,1,485,0.2,,,canonical works,all canonical works,single response; mutually exclusive normalized publication source,d3f99e099b9310de57e3,Normalization key: openalex:https://openalex.org/s28966261.
Publication source,Source frequency,Monash University Research Portal (Monash University),1,485,0.2,,,canonical works,all canonical works,single response; mutually exclusive normalized publication source,5e9d52b66e4686a38781,Normalization key: openalex:https://openalex.org/s4306402625.
Publication source,Source frequency,NeoReviews,1,485,0.2,,,canonical works,all canonical works,single response; mutually exclusive normalized publication source,24ffbec5a9dbce04e0fd,Normalization key: openalex:https://openalex.org/s157929806.
Publication source,Source frequency,Neurosurgery Open,1,485,0.2,,,canonical works,all canonical works,single response; mutually exclusive normalized publication source,50ac103890932b40242c,Normalization key: openalex:https://openalex.org/s4387286351.
Publication source,Source frequency,npj Digital Surgery,1,485,0.2,,,canonical works,all canonical works,single response; mutually exclusive normalized publication source,5aa2066f4c78fde5a50b,Normalization key: openalex:https://openalex.org/s7407056681.
Publication source,Source frequency,Nursing Outlook,1,485,0.2,,,canonical works,all canonical works,single response; mutually exclusive normalized publication source,0038624c09ec9fe46395,Normalization key: openalex:https://openalex.org/s163228481.
Publication source,Source frequency,Nutrients,1,485,0.2,,,canonical works,all canonical works,single response; mutually exclusive normalized publication source,00dc13a955ae4496d4ca,Normalization key: openalex:https://openalex.org/s110785341.
Publication source,Source frequency,Obesity Surgery,1,485,0.2,,,canonical works,all canonical works,single response; mutually exclusive normalized publication source,9717d5f24495686aabe2,Normalization key: openalex:https://openalex.org/s12098962.
Publication source,Source frequency,Open MIND,1,485,0.2,,,canonical works,all canonical works,single response; mutually exclusive normalized publication source,9b778c91d64124298579,Normalization key: openalex:https://openalex.org/s4406922384.
Publication source,Source frequency,Open Repository of the University of Porto (University of Porto),1,485,0.2,,,canonical works,all canonical works,single response; mutually exclusive normalized publication source,5b995fc6546cbe610568,Normalization key: openalex:https://openalex.org/s4306401934.
Publication source,Source frequency,Orvosi Hetilap,1,485,0.2,,,canonical works,all canonical works,single response; mutually exclusive normalized publication source,sci_479872e4f60f538cbd03,Normalization key: openalex:https://openalex.org/s12390320.
Publication source,Source frequency,Pedagogy in Health Promotion,1,485,0.2,,,canonical works,all canonical works,single response; mutually exclusive normalized publication source,98459bc57c099322761c,Normalization key: openalex:https://openalex.org/s2765056410.
Publication source,Source frequency,Perspectives on Medical Education,1,485,0.2,,,canonical works,all canonical works,single response; mutually exclusive normalized publication source,7442954006aac8fa63fa,Normalization key: openalex:https://openalex.org/s2764699106.
Publication source,Source frequency,Pharmacy,1,485,0.2,,,canonical works,all canonical works,single response; mutually exclusive normalized publication source,9ba2ceb3ea808e2794a1,Normalization key: openalex:https://openalex.org/s4210228566.
Publication source,Source frequency,Physiology,1,485,0.2,,,canonical works,all canonical works,single response; mutually exclusive normalized publication source,6e7213516f82875618ff,Normalization key: openalex:https://openalex.org/s88977973.
Publication source,Source frequency,Plastic and Aesthetic Research,1,485,0.2,,,canonical works,all canonical works,single response; mutually exclusive normalized publication source,5116aab375eedc896bfd,Normalization key: openalex:https://openalex.org/s2764774301.
Publication source,Source frequency,Postgraduate Medical Journal,1,485,0.2,,,canonical works,all canonical works,single response; mutually exclusive normalized publication source,e2a36443154e9a33aff9,Normalization key: openalex:https://openalex.org/s43893605.
Publication source,Source frequency,Procedia Computer Science,1,485,0.2,,,canonical works,all canonical works,single response; mutually exclusive normalized publication source,sci_66be3ed42b9293d2ff9f,Normalization key: openalex:https://openalex.org/s120348307.
Publication source,Source frequency,Proceedings 2026 IEEE International Conference on Artificial Intelligence and Extended and Virtual Reality Aixvr 2026,1,485,0.2,,,canonical works,all canonical works,single response; mutually exclusive normalized publication source,sci_829c4bcf5b773dba44a2,Normalization key: name:proceedings 2026 ieee international conference on artificial intelligence and extended and virtual reality aixvr 2026.
Publication source,Source frequency,Proceedings of the 2025 9th International Conference on Education and E-Learning,1,485,0.2,,,canonical works,all canonical works,single response; mutually exclusive normalized publication source,08cc34de5385d0bd76a6,Normalization key: name:proceedings of the 2025 9th international conference on education and e-learning.
Publication source,Source frequency,Proceedings of the 2026 Designing Interactive Systems Conference,1,485,0.2,,,canonical works,all canonical works,single response; mutually exclusive normalized publication source,6cf6dbf3648bde45720a,Normalization key: name:proceedings of the 2026 designing interactive systems conference.
Publication source,Source frequency,Proceedings of the ACM on Human-Computer Interaction,1,485,0.2,,,canonical works,all canonical works,single response; mutually exclusive normalized publication source,ed23e4c8ee00516d2110,Normalization key: openalex:https://openalex.org/s4210183893.
Publication source,Source frequency,Proceedings of the Annual Meeting of the Association for Computational Linguistics,1,485,0.2,,,canonical works,all canonical works,single response; mutually exclusive normalized publication source,sci_3d6777cb059403330506,Normalization key: name:proceedings of the annual meeting of the association for computational linguistics.
Publication source,Source frequency,Proceedings of the Extended Abstracts of the 2026 CHI Conference on Human Factors in Computing Systems,1,485,0.2,,,canonical works,all canonical works,single response; mutually exclusive normalized publication source,fd1a9c7f0b28a609f8af,Normalization key: name:proceedings of the extended abstracts of the 2026 chi conference on human factors in computing systems.
Publication source,Source frequency,Proceedings of the Extended Abstracts of the CHI Conference on Human Factors in Computing Systems,1,485,0.2,,,canonical works,all canonical works,single response; mutually exclusive normalized publication source,5b529e4bc562ac2c093e,Normalization key: name:proceedings of the extended abstracts of the chi conference on human factors in computing systems.
Publication source,Source frequency,Proceedings of the Thirteenth ACM Conference on Learning @ Scale,1,485,0.2,,,canonical works,all canonical works,single response; mutually exclusive normalized publication source,26de74e3debea64ac297,Normalization key: name:proceedings of the thirteenth acm conference on learning @ scale.
Publication source,Source frequency,Proceedings.,1,485,0.2,,,canonical works,all canonical works,single response; mutually exclusive normalized publication source,45e7ea1fbbde53125fd7,Normalization key: openalex:https://openalex.org/s4404674679.
Publication source,Source frequency,Psicothema,1,485,0.2,,,canonical works,all canonical works,single response; mutually exclusive normalized publication source,f4d7fdee2c3cc083329d,Normalization key: openalex:https://openalex.org/s135026488.
Publication source,Source frequency,Region - Educational Research and Reviews,1,485,0.2,,,canonical works,all canonical works,single response; mutually exclusive normalized publication source,7a269bae27b9f603ddda,Normalization key: openalex:https://openalex.org/s4210222781.
Publication source,Source frequency,Rehabilitation practice and science,1,485,0.2,,,canonical works,all canonical works,single response; mutually exclusive normalized publication source,f97eadc969f29dc262e7,Normalization key: openalex:https://openalex.org/s4393920200.
Publication source,Source frequency,Research Portal (Queen's University Belfast),1,485,0.2,,,canonical works,all canonical works,single response; mutually exclusive normalized publication source,b3a8d73bf08119c4ce68,Normalization key: openalex:https://openalex.org/s4306402319.
Publication source,Source frequency,Research Synthesis in Applied Linguistics,1,485,0.2,,,canonical works,all canonical works,single response; mutually exclusive normalized publication source,7b627eb0e17b77a07c57,Normalization key: openalex:https://openalex.org/s5407042756.
Publication source,Source frequency,Rev. Asoc. Odontol. Argent,1,485,0.2,,,canonical works,all canonical works,single response; mutually exclusive normalized publication source,78868accc1f86fb42dce,Normalization key: openalex:https://openalex.org/s4306525970.
Publication source,Source frequency,Revista de la Facultad de Medicina Humana,1,485,0.2,,,canonical works,all canonical works,single response; mutually exclusive normalized publication source,53e73c84997817856e1f,Normalization key: openalex:https://openalex.org/s4210177947.
Publication source,Source frequency,Revista de Simulación en Ciencias de la Salud REVSIMCS .,1,485,0.2,,,canonical works,all canonical works,single response; mutually exclusive normalized publication source,d0ead936020ec24f78a7,Normalization key: openalex:https://openalex.org/s4404676655.
Publication source,Source frequency,Revista do Colégio Brasileiro de Cirurgiões,1,485,0.2,,,canonical works,all canonical works,single response; mutually exclusive normalized publication source,b53bf33d223a68f17e8c,Normalization key: openalex:https://openalex.org/s2756221638.
Publication source,Source frequency,Revista Recien,1,485,0.2,,,canonical works,all canonical works,single response; mutually exclusive normalized publication source,1563f87491d1ce4d02fb,Normalization key: openalex:https://openalex.org/s4210207964.
Publication source,Source frequency,Rheumatology International,1,485,0.2,,,canonical works,all canonical works,single response; mutually exclusive normalized publication source,64947cabbe7282713c10,Normalization key: openalex:https://openalex.org/s50823678.
Publication source,Source frequency,Schizophrenia Bulletin,1,485,0.2,,,canonical works,all canonical works,single response; mutually exclusive normalized publication source,94bb63aeb68eddb59442,Normalization key: openalex:https://openalex.org/s117485531.
Publication source,Source frequency,Scholar Works at UT Tyler (The University of Texas at Tyler),1,485,0.2,,,canonical works,all canonical works,single response; mutually exclusive normalized publication source,b191e9f77e079eab9ed3,Normalization key: openalex:https://openalex.org/s4377196686.
Publication source,Source frequency,Scientific Reports,1,485,0.2,,,canonical works,all canonical works,single response; mutually exclusive normalized publication source,c4f5fe90704c2aa68c75,Normalization key: openalex:https://openalex.org/s196734849.
Publication source,Source frequency,Simulation in Healthcare The Journal of the Society for Simulation in Healthcare,1,485,0.2,,,canonical works,all canonical works,single response; mutually exclusive normalized publication source,e359eafa6af6abbb467d,Normalization key: openalex:https://openalex.org/s2764610068.
Publication source,Source frequency,SSRN Electronic Journal,1,485,0.2,,,canonical works,all canonical works,single response; mutually exclusive normalized publication source,80e9a9d9f964aea305e9,Normalization key: openalex:https://openalex.org/s4210172589.
Publication source,Source frequency,Studies in Clinical Social Work Transforming Practice Education and Research,1,485,0.2,,,canonical works,all canonical works,single response; mutually exclusive normalized publication source,907d492e03a26ae110b8,Normalization key: openalex:https://openalex.org/s5407036395.
Publication source,Source frequency,Surgical Innovation,1,485,0.2,,,canonical works,all canonical works,single response; mutually exclusive normalized publication source,6ad5ba253eb6dea25a47,Normalization key: openalex:https://openalex.org/s106375756.
Publication source,Source frequency,Technology Knowledge and Learning,1,485,0.2,,,canonical works,all canonical works,single response; mutually exclusive normalized publication source,8db4130844dc8d367d1f,Normalization key: openalex:https://openalex.org/s2764582272.
Publication source,Source frequency,The American Journal of Engineering And Technology,1,485,0.2,,,canonical works,all canonical works,single response; mutually exclusive normalized publication source,6af91184365b35a93de5,Normalization key: openalex:https://openalex.org/s4210219720.
Publication source,Source frequency,The International Islamic University Malaysia Repository (The International Islamic University Malaysia),1,485,0.2,,,canonical works,all canonical works,single response; mutually exclusive normalized publication source,43800694173ba371af4f,Normalization key: openalex:https://openalex.org/s4306400713.
Publication source,Source frequency,The Journal of Clinical Psychiatry,1,485,0.2,,,canonical works,all canonical works,single response; mutually exclusive normalized publication source,d06c6ad96bb08eb739dc,Normalization key: openalex:https://openalex.org/s17992710.
Publication source,Source frequency,The Journal of Sexual Medicine,1,485,0.2,,,canonical works,all canonical works,single response; mutually exclusive normalized publication source,ebc2ea10b1b751d8e58c,Normalization key: openalex:https://openalex.org/s159512450.
Publication source,Source frequency,The Laryngoscope,1,485,0.2,,,canonical works,all canonical works,single response; mutually exclusive normalized publication source,sci_7924be52acf88877d8df,Normalization key: openalex:https://openalex.org/s86387881.
Publication source,Source frequency,Tobacco Induced Diseases,1,485,0.2,,,canonical works,all canonical works,single response; mutually exclusive normalized publication source,60f8f44c77f909f61dc3,Normalization key: openalex:https://openalex.org/s182402362.
Publication source,Source frequency,Tuberculosis Lung Diseases HIV Infection,1,485,0.2,,,canonical works,all canonical works,single response; mutually exclusive normalized publication source,096c409373966ea99821,Normalization key: openalex:https://openalex.org/s4210172527.
Publication source,Source frequency,Ubiquitous Learning An International Journal,1,485,0.2,,,canonical works,all canonical works,single response; mutually exclusive normalized publication source,cb97375c66ea36d11d94,Normalization key: openalex:https://openalex.org/s4210199944.
Publication source,Source frequency,UF Journal of Undergraduate Research,1,485,0.2,,,canonical works,all canonical works,single response; mutually exclusive normalized publication source,894f08a5035b3a1872d5,Normalization key: openalex:https://openalex.org/s4210209185.
Publication source,Source frequency,Uppsala University Publications (Uppsala University),1,485,0.2,,,canonical works,all canonical works,single response; mutually exclusive normalized publication source,af881e87f70fad542887,Normalization key: openalex:https://openalex.org/s4306402042.
Publication source,Source frequency,Virtual Reality & Intelligent Hardware,1,485,0.2,,,canonical works,all canonical works,single response; mutually exclusive normalized publication source,359e1289e1f098bb36e2,Normalization key: openalex:https://openalex.org/s4210224695.
Publication source,Source frequency,Western Journal of Emergency Medicine,1,485,0.2,,,canonical works,all canonical works,single response; mutually exclusive normalized publication source,4ef0a8247384321e8b47,Normalization key: openalex:https://openalex.org/s2738799989.
Publication source,Source frequency,Zürcher Hochschule für Angewandte Wissenschaften digital collection (Zurich University of Applied Sciences),1,485,0.2,,,canonical works,all canonical works,single response; mutually exclusive normalized publication source,sci_a09f51bed9668b4f7e21,Normalization key: openalex:https://openalex.org/s4306401811.
Publication source,Source frequency,العلوم التربوية,1,485,0.2,,,canonical works,all canonical works,single response; mutually exclusive normalized publication source,a9588de788e2402350be,Normalization key: openalex:https://openalex.org/s4210198463.
Publication source,Source frequency,대한한의학회지,1,485,0.2,,,canonical works,all canonical works,single response; mutually exclusive normalized publication source,64d8153970a657aa23b0,Normalization key: openalex:https://openalex.org/s4306495578.
Publication source,Source frequency,Other named sources,348,485,71.8,,,unique studies,all unique studies,single response; aggregate of named sources below the top ten,0038624c09ec9fe46395;00dc13a955ae4496d4ca;03345c1deb2aad29820e;035291e867ecf965f467;038dc9e15385ce662149;039798e4f1498c17cf82;03dcc8a1b078476d19e0;03e1a6632b830e0512c9;061a5c17950367156401;06baad752a52246f7f43;0835d7fde9c090ca963c;08cc34de5385d0bd76a6;096c409373966ea99821;0a2c09d04e10e0478041;0aea8997b3d07a3c7455;0b1e929029c5b43c5beb;0b386fbba1d6908a565d;0c75f057197182777687;107a276748b6c98a2e50;1131dfab50144331e92a;1158803af3fb0ab9c072;12a5244797e0de4599d0;1557e783fc8af1e8fdd6;155acc9f21eba7b06b56;1563f87491d1ce4d02fb;15b1e2fee67db58575b7;166aa3cc368ebd076b91;180163049fadb98a0ef8;197361cc9246160f71a5;19e84bd61f0782eec51c;1a1d7801effe1e2b850a;1a8a9f25ccdf589f88f6;1b087547ad0e2e8a3fa3;1b913a0ed3ab13c6f644;1c5402a057ba8f451244;1c9542cefba3287a5281;1df5cdc0b4ba5e34b2ba;1f1c780e93f8833f8015;20e73ed62a3078e6a9b4;243562012607f7033171;24c93ac0955292251f20;24ffbec5a9dbce04e0fd;25591cbc3c2b21cbfbdf;25f6a5df250f3ed0360b;2610ebe5f560db94c888;26de74e3debea64ac297;27940ac9615817e019e3;296fc2ba93325a6b3ed0;2972cffe675ec25e930c;2c33e3b00e199776ba05;2dd7865e84af395616af;2f08c4b2b3acc1eaa9d5;302dee907e926e18ddba;30b04ea7e17c283383c8;319d5b791f54df181b23;31f58d5793ca1ef590ea;327767a02786d8ff7a19;32c1dcd0212f833ee125;33fa7a94d105663796d8;34ab5ecef79b768723f6;359e1289e1f098bb36e2;35ffd2cef7df5e4ea7fc;36878122d89a1f0ba51c;37a099d4d3aa15cafaa9;38da855b4155bb083590;3a87ecbc1ceea37e2382;3aba8ba7976a49acd0ac;3adc77e0b0502fcefcc3;3bb7eee2436c25920c9e;3e3d7476a0d0198a12a3;3e6c586541bbab277f12;416753b67d9e900455c8;4252b0b43599d37a154a;425ec6ee2ca714b7434a;432422a165ddc6a24c2f;434224fa76b1280311a5;437f09a0c472e4ba343e;43800694173ba371af4f;43f6ad0fa6f4597d56fc;45e7ea1fbbde53125fd7;47160b043b610b447eca;4781da10664bc6a33ebc;48a55d4cf5cff922481f;48e2ce8734d9d1acb602;49a3c3f5df637d33e854;49bb4b3f2e5c7a1a3f92;4a9222af3af0a24b98ba;4b5e1bc310423d1d0555;4bae43896a7e20da2e4b;4c10642623772d392b58;4c4dc7fcefb1e9f3abdf;4dcbdf4bf0f5a9a6c8c8;4eabef99b9ccb8ef8fd4;4ef0a8247384321e8b47;4f06f0d72a1de087b5c5;4f796e0ce90dce8d4da8;4fdab8147c5288a598e6;4fed0ae03cd7415c40f4;4ff984fed8d71f9ad381;501d19c3bd3160083e8a;50ac103890932b40242c;50e4613efeaaadc861f8;5116aab375eedc896bfd;538dc624d4f06d86f6a2;539c65e906ee41f3eabf;53e73c84997817856e1f;54972cda535948a803e8;55c688efa556cdf3a77e;58483951ebaed609e26a;588316012a3f2d9b790a;58a5647e55ff3ae5746e;593c7da1de5e9f26b59d;5966d1a884499670acf2;598901438bbefd691625;59ac00c951a84da39213;5a18de075da6eacf874c;5aa2066f4c78fde5a50b;5b356113a239c62ba5ac;5b529e4bc562ac2c093e;5b995fc6546cbe610568;5d6128771afb1cccb251;5da1c6c1e35204ff7f9d;5dd47cd1855294dcfafd;5e9d52b66e4686a38781;60653c070afcf8848788;60f8f44c77f909f61dc3;633dafafd7b2de3e7ad0;643ef34d4dd326d5b164;6457c6be7c6ba150ede6;64947cabbe7282713c10;64a85483f87115653128;64d8153970a657aa23b0;654de90417901825feeb;669cbda7d16ac3f32155;681bba8e632d1614f426;68306d2649f0e34ccfa7;6a18d985481870e99d72;6ab002878664147423a1;6ad5ba253eb6dea25a47;6af91184365b35a93de5;6cf6dbf3648bde45720a;6d85b580a0562cc121d4;6e06ede93e94c8f8e15c;6e7213516f82875618ff;6f1527fb10827ca1da01;6fb769efa53620e383b7;6fdf974a01dd27215f86;70cb1e0a134b7f41b447;713e417da7d85579b2d1;72c30900482428bf1e49;72f2fcd3a833c8b6e39e;73cb9769cd2180a04bb0;73f1b1dee9a19c0ea0af;7442954006aac8fa63fa;758d651bc8d5020199f1;766fde2e997ea8140bd0;7713a8c3085fddc6419c;78868accc1f86fb42dce;78b358c1b1f53fdbc100;79301031755b16db8fe6;7a269bae27b9f603ddda;7a5ffafc98c031b3684e;7ab76d429b6539b40243;7b627eb0e17b77a07c57;7d5cb710e5a6901bbaaa;7f735724143207af94c1;7f84c902e862e25dbf2c;7f98755e27ed54f044ae;7fc0513f51b7c61dad31;8094cb5448e9c4e2f371;80e9a9d9f964aea305e9;81e99943a71c35f1b5e2;843a6b1f2c79c1bd4273;859f96f4eca259cdb9e8;85b8ae635d7a78f669e0;8616afb3ca85007ec9d7;86d7e55b4cfd49b202f0;86f76ce0ac18d03915b2;87dd3b9b5e7ef2d3f457;886368e8c3c194de3abd;894f08a5035b3a1872d5;8a18fabf9cf9be3f8a36;8a1c6e7038c447a20568;8ad0258644c0c312a7d8;8bece1a102e2fe87b74e;8ce5650fcd50af3976ab;8db4130844dc8d367d1f;8f2528d2ba0e05485210;902be756a877af6118c0;9053eb63f4358c343310;906c1e2afc9ab8dc6794;907d492e03a26ae110b8;91738aa3fb8146efb96d;9287cf74b213e44a489d;94bb63aeb68eddb59442;94ed3a0dbe4657397dc4;9717d5f24495686aabe2;98459bc57c099322761c;987d3b654bc3d24dc464;98c23d01b9fb23bd43c4;9b5ff9099d241db5f86a;9b778c91d64124298579;9ba2ceb3ea808e2794a1;9d0e015a74d4a026b092;9d1c14070287793c215b;9d44b976cb2c076751e8;9eabda9ff317373c18d3;9eb3b25f5e4e48cdcb6a;a03df064164f1b54d1d5;a2883a095e505041a802;a2fb845a99fa4f6e080c;a3991fd1e09daca82f29;a44cf2193e8756673fa7;a9588de788e2402350be;aa05a5932f8ebb716574;ab784e3f29bfc7622997;abda3007be07a5153c0c;ac37bfba546f78614410;adc1485c258278b24c4e;adf94a39c16c36a40d45;ae74530d7e9fa7f91f65;aea68236a77645892d74;af881e87f70fad542887;af9edf1f4c2a0c11a5eb;afa9fe102dc8ed9bfaff;afc8c786ca5b65ba8c74;b191e9f77e079eab9ed3;b216d2e3bbb753147fd2;b2f1db675b2599e354ab;b36e071a220a2c96e7c2;b3a8d73bf08119c4ce68;b3e39792f96130f4a0b4;b4ed643f7430dbf0ccb9;b4fa4675ffa2674da6e1;b53bf33d223a68f17e8c;b608f772e32f2dbbff5e;b6f4bfb66f82ba008b32;b777355095979479280c;b924bd45d30abb49831e;b94b9bcb1d96d93db9c0;ba402925b430558ae1e0;ba93136b38c9a66d059f;bb3a5362f067d65fc98d;bc52d7f8f145e43beefc;bd0527af9d9859ca54bb;bd2cdf16f21f3814f67d;bda47b5b58b47ca77285;be9dea9f8b093b59c0c4;beedb370b817079634f7;c13d5a010789f6f44c11;c2a9bbee811cd29891e3;c301ce506b01b01e6207;c4f5fe90704c2aa68c75;c58a4682ca46d2e66e96;c6788113fb3c0b6f7bcf;c6db1164aeacaa778bd4;c8c9e4c672bea3a6d994;c98aa2499bea62fd3f2a;c9defba9bce13454aa5f;caf55d1c5f0358791a96;cb97375c66ea36d11d94;cc3c546075dc11e58802;ce47d43f097c456cdf45;d02cfb250e397dd52db5;d06c6ad96bb08eb739dc;d0ead936020ec24f78a7;d11ce96adb05741aef6d;d290e5bf22b00e731795;d2f64f874b70a189b145;d3f99e099b9310de57e3;d6b29e9cea0c868cc28e;d977c356ff57ab060fef;da4715a1835405ea02b7;db80308782a219cbea0e;dcce0a8cef5543c4fec4;df4adbef2a265890959e;e2272dd53f2ee764e3a8;e28e63bbe4974bda0026;e2a36443154e9a33aff9;e359eafa6af6abbb467d;e3ee954b5290b4f74f0b;e4987ba5c8f46735e9ff;e4a287ed511b7be9baa5;e4caff2128dfb4f4ac0c;e5304eeb960c6393b03a;e5814fecd144cc3fe016;e73b99fafd0009a6e927;e82a026a5524b0d4f0d3;e9d6ceded269a04cde99;ea35181a48e801132195;ea8e0a7c38a125bf8f1d;ead3628c23fe3e244e24;eb0a6b505c3ccc9e534d;eb664530dc232a9e1750;eb6afac746ee34d7a37f;eb8b75c75edacbfa547b;ebc2ea10b1b751d8e58c;ec6081495209898a9c42;ed23e4c8ee00516d2110;ee3afe8181b997d521a2;eee52e824f1559f7759a;ef046f239f256df5f180;f1b256cdccd6208d0cc8;f2be4ac5256845407914;f31767356a0db5360a3d;f4d7fdee2c3cc083329d;f54e36609097c96e8b6d;f5e8d39c518465a0d255;f68a92632e9b465b9cd8;f6df2d018d41c258414a;f917e0b66cef158b9df0;f97eadc969f29dc262e7;f9c1bb8b50eb65edbf84;fa24b39d9c9c2f6142d6;fbcfe4a5c41e518e74ba;fc535dce265384650ae6;fcd1902a5e565b2d2fcc;fd1a9c7f0b28a609f8af;ff3b7f48f6f586cf90b7;ffe994fbb4a27b100f16;sci_0deb435b497fb81c6d22;sci_0f0b074ee785f63a5645;sci_19c7e7b5094b7aa538d4;sci_1b84a9e2391f6779175c;sci_205c7c070474c3f60b30;sci_300870bf7109221baf28;sci_333316fb42bc0b910010;sci_3d6777cb059403330506;sci_42199d910f14a1707aa3;sci_454fe3ad37947557e9a6;sci_479872e4f60f538cbd03;sci_49f3e83303945c5d95da;sci_6140618886946efd3455;sci_637ee1f73b6fd5027d1c;sci_66be3ed42b9293d2ff9f;sci_6840c15b05b568f05153;sci_7924be52acf88877d8df;sci_829c4bcf5b773dba44a2;sci_9353c3c154cbf1cd3c54;sci_93a452609f10d60e9d33;sci_a09f51bed9668b4f7e21;sci_a8f02e0b2a448efff5e6;sci_aea73a0d6d3e592a48a0;sci_b283d7022275d4ea7f72;sci_b852c26f48dfbf482b84;sci_ce41b4792638011f5d74;sci_d54eaf2ee85c6160a060;sci_f57abde71790ef1bc83d,Each study appears in only one normalized publication-source category.
Publication source,Normalized-source coverage,Named source available,470,485,96.9,,,unique studies,all unique studies,coverage; mutually exclusive with unknown source,0038624c09ec9fe46395;00b1591b551023fc549f;00dc13a955ae4496d4ca;01a746b554d461cb998c;03345c1deb2aad29820e;035291e867ecf965f467;038dc9e15385ce662149;0394426a6c4e7afe938e;039798e4f1498c17cf82;03dcc8a1b078476d19e0;03e1a6632b830e0512c9;04b48ce4dda567febfa2;061a5c17950367156401;06baad752a52246f7f43;07d462beafe4d21ba016;0835d7fde9c090ca963c;088f42aecd2674d3dbe5;08cc34de5385d0bd76a6;096c409373966ea99821;0a25081e59bfa2406a89;0a2c09d04e10e0478041;0a56637c161743569cf5;0aad164402f8e4deea3b;0aea8997b3d07a3c7455;0b1b0febb2293831bcc0;0b1e929029c5b43c5beb;0b386fbba1d6908a565d;0c75f057197182777687;0de698b6ef36192c9365;107a276748b6c98a2e50;1131dfab50144331e92a;1158803af3fb0ab9c072;116dd099707d378fb9a6;11f31f18ad70545cab85;12a5244797e0de4599d0;14a6c8b99daf76e8179d;14e96fc7b4c3181fd39b;1557e783fc8af1e8fdd6;155acc9f21eba7b06b56;1563f87491d1ce4d02fb;15b1e2fee67db58575b7;166aa3cc368ebd076b91;180163049fadb98a0ef8;18f9eaf414ec69e25aad;197361cc9246160f71a5;19e84bd61f0782eec51c;1a1d7801effe1e2b850a;1a8a9f25ccdf589f88f6;1b087547ad0e2e8a3fa3;1b913a0ed3ab13c6f644;1c073acedd6171c3394d;1c5402a057ba8f451244;1c9542cefba3287a5281;1d69e819d76b702e955f;1df5cdc0b4ba5e34b2ba;1f1c780e93f8833f8015;20e73ed62a3078e6a9b4;217a1796806e392c3e77;235688621e9d66593a40;2366390c9f679e2c90b7;240393927e83854aac9b;243562012607f7033171;24c93ac0955292251f20;24ffbec5a9dbce04e0fd;25591cbc3c2b21cbfbdf;25f6a5df250f3ed0360b;2610ebe5f560db94c888;26de74e3debea64ac297;272439595ff3b96c35f3;27940ac9615817e019e3;282aa7d3820de53059e9;2877ad2c6a928639280a;296fc2ba93325a6b3ed0;2972cffe675ec25e930c;2a63460a75ff944e1d44;2befb2019a25a1ea563f;2c33e3b00e199776ba05;2dd7865e84af395616af;2f08c4b2b3acc1eaa9d5;302dee907e926e18ddba;30b04ea7e17c283383c8;319d5b791f54df181b23;31f58d5793ca1ef590ea;327767a02786d8ff7a19;32b43fcb025a9d77581f;32c1dcd0212f833ee125;33fa7a94d105663796d8;34ab5ecef79b768723f6;34ea437817489bccb36b;3592795dfee0e066000a;359e1289e1f098bb36e2;35ffd2cef7df5e4ea7fc;36878122d89a1f0ba51c;37a099d4d3aa15cafaa9;37bb0c4c182653ebb8f9;38300507331b97225df5;38da855b4155bb083590;3a2d4841832fea8715fe;3a5aebe14250eec39412;3a87ecbc1ceea37e2382;3aba8ba7976a49acd0ac;3adc77e0b0502fcefcc3;3b0e82db448631888b4c;3bb7eee2436c25920c9e;3d4ea70252a23ce4cd2f;3e3d7476a0d0198a12a3;3e6c586541bbab277f12;412046e11296d150c70a;416753b67d9e900455c8;4252b0b43599d37a154a;425ec6ee2ca714b7434a;4301913b143d4dcf67c6;432422a165ddc6a24c2f;434224fa76b1280311a5;437f09a0c472e4ba343e;43800694173ba371af4f;43f6ad0fa6f4597d56fc;44090e715310ee158f37;45e7ea1fbbde53125fd7;47160b043b610b447eca;4781da10664bc6a33ebc;4823a4ac11c66c68a7d4;48a55d4cf5cff922481f;48e2ce8734d9d1acb602;49a3c3f5df637d33e854;49bb4b3f2e5c7a1a3f92;4a9222af3af0a24b98ba;4b471ab893f0c3845025;4b5e1bc310423d1d0555;4b7753ecc7bff0d54289;4bae43896a7e20da2e4b;4c10642623772d392b58;4c4dc7fcefb1e9f3abdf;4c580842a4d610a72e9d;4cac4c9f22b3d59d56dd;4dcbdf4bf0f5a9a6c8c8;4eabef99b9ccb8ef8fd4;4ef0a8247384321e8b47;4f06f0d72a1de087b5c5;4f796e0ce90dce8d4da8;4fdab8147c5288a598e6;4fed0ae03cd7415c40f4;4ff984fed8d71f9ad381;501d19c3bd3160083e8a;50ac103890932b40242c;50e4613efeaaadc861f8;5116aab375eedc896bfd;5245cf325337d81e78ff;538dc624d4f06d86f6a2;539c65e906ee41f3eabf;53e73c84997817856e1f;548ca816901c7761f0bf;54972cda535948a803e8;55c688efa556cdf3a77e;56dc16bbc7cd98ca993a;581dc0790951c1557bba;582bc7c400fa7acf214f;58483951ebaed609e26a;588316012a3f2d9b790a;58a5647e55ff3ae5746e;592d3957693502aad933;593c7da1de5e9f26b59d;594824ec9813877abe34;594d7ce86781a2e8398f;5966d1a884499670acf2;598901438bbefd691625;59ac00c951a84da39213;5a18de075da6eacf874c;5aa2066f4c78fde5a50b;5aeb6b891099b95aa832;5b356113a239c62ba5ac;5b529e4bc562ac2c093e;5b995fc6546cbe610568;5c99d6be17d81210020f;5d6128771afb1cccb251;5da1c6c1e35204ff7f9d;5dd47cd1855294dcfafd;5e70fc602d28beb4158b;5e9d52b66e4686a38781;60653c070afcf8848788;60f8f44c77f909f61dc3;633dafafd7b2de3e7ad0;63c69a200d415bc42d9b;643ef34d4dd326d5b164;6457c6be7c6ba150ede6;64947cabbe7282713c10;64a85483f87115653128;64caff9ef7b3adaafe2d;64d8153970a657aa23b0;654de90417901825feeb;668b98624eeda1089d99;669cbda7d16ac3f32155;67e2860b474712736027;681bba8e632d1614f426;68306d2649f0e34ccfa7;69f44a30a1f5c09b5e41;6a18d985481870e99d72;6ab002878664147423a1;6ad5ba253eb6dea25a47;6af91184365b35a93de5;6cf6dbf3648bde45720a;6d3fca2519e927f795b8;6d60da2f964efcc60587;6d85b580a0562cc121d4;6e06ede93e94c8f8e15c;6e7213516f82875618ff;6f1527fb10827ca1da01;6fb769efa53620e383b7;6fdf974a01dd27215f86;70cb1e0a134b7f41b447;713e417da7d85579b2d1;71a491a468f6c4c71249;72c30900482428bf1e49;72f2fcd3a833c8b6e39e;73a1f91733c91359d5f0;73cb9769cd2180a04bb0;73f1b1dee9a19c0ea0af;7442954006aac8fa63fa;7571d4d2871565bc5c1c;758d651bc8d5020199f1;76597dc445d9df2ae743;766d498375e7ceff4c70;766fde2e997ea8140bd0;76a6c8049ee4223224f6;7713a8c3085fddc6419c;7791c8951d81b4aa0b71;78868accc1f86fb42dce;78b358c1b1f53fdbc100;7920ebcf271025a5a8ee;79301031755b16db8fe6;7938acbdb4523b82db58;7a269bae27b9f603ddda;7a5ffafc98c031b3684e;7a9ca4d4d16f4705139f;7ab76d429b6539b40243;7acd89712f3fc0bb4cb7;7b19776512fecc94e643;7b627eb0e17b77a07c57;7bda59402c9478eda64c;7d5cb710e5a6901bbaaa;7f735724143207af94c1;7f84c902e862e25dbf2c;7f98755e27ed54f044ae;7fc0513f51b7c61dad31;8094cb5448e9c4e2f371;80e9a9d9f964aea305e9;81087c9bc5a7366ff084;81337a44aeb46520e3ec;81e99943a71c35f1b5e2;843a6b1f2c79c1bd4273;859f96f4eca259cdb9e8;85b8ae635d7a78f669e0;8616afb3ca85007ec9d7;86d7e55b4cfd49b202f0;86f76ce0ac18d03915b2;87dd3b9b5e7ef2d3f457;886368e8c3c194de3abd;891bdc5ee1f3d07f820a;894f08a5035b3a1872d5;8a18fabf9cf9be3f8a36;8a1c6e7038c447a20568;8ad0258644c0c312a7d8;8bece1a102e2fe87b74e;8ce5650fcd50af3976ab;8db4130844dc8d367d1f;8f2528d2ba0e05485210;8fa1ae6b843e2388520d;8fce68134f06065fdd4a;902be756a877af6118c0;9053eb63f4358c343310;906c1e2afc9ab8dc6794;907d492e03a26ae110b8;91738aa3fb8146efb96d;9287cf74b213e44a489d;94bb63aeb68eddb59442;94dc4442e5bc1f047433;94ed3a0dbe4657397dc4;9717d5f24495686aabe2;98459bc57c099322761c;987d3b654bc3d24dc464;98c23d01b9fb23bd43c4;9aeba4bdaf161dff8c40;9b5ff9099d241db5f86a;9b778c91d64124298579;9b8b66d55c35b17e843c;9ba2ceb3ea808e2794a1;9d0e015a74d4a026b092;9d1c14070287793c215b;9d44b976cb2c076751e8;9eabda9ff317373c18d3;9eb3b25f5e4e48cdcb6a;a03df064164f1b54d1d5;a2883a095e505041a802;a2fb845a99fa4f6e080c;a32c2fb665f05ef6086f;a3991fd1e09daca82f29;a44cf2193e8756673fa7;a4d746b41f7f88ceb127;a4f6e4afd67cbf667f95;a9588de788e2402350be;aa05a5932f8ebb716574;ab784e3f29bfc7622997;abda3007be07a5153c0c;ac37bfba546f78614410;ac7ed05801a4bd006e07;adc1485c258278b24c4e;adf94a39c16c36a40d45;ae74530d7e9fa7f91f65;aea68236a77645892d74;aedb9561df16d70a7ef8;af881e87f70fad542887;af9edf1f4c2a0c11a5eb;afa9fe102dc8ed9bfaff;afc8c786ca5b65ba8c74;b052274076e5e7cc16db;b191e9f77e079eab9ed3;b216d2e3bbb753147fd2;b2f1db675b2599e354ab;b36e071a220a2c96e7c2;b3a8d73bf08119c4ce68;b3e39792f96130f4a0b4;b4ed643f7430dbf0ccb9;b4fa4675ffa2674da6e1;b53bf33d223a68f17e8c;b608f772e32f2dbbff5e;b6f4bfb66f82ba008b32;b75fad8b8777d2f878b6;b777355095979479280c;b924bd45d30abb49831e;b94b9bcb1d96d93db9c0;ba1df7c86ec2eeb0e945;ba402925b430558ae1e0;ba93136b38c9a66d059f;bad1f4fb855554cb4aba;bb3a5362f067d65fc98d;bc52d7f8f145e43beefc;bd0527af9d9859ca54bb;bd2cdf16f21f3814f67d;bda47b5b58b47ca77285;be9dea9f8b093b59c0c4;bed98da775e40e17c44e;beedb370b817079634f7;c13d5a010789f6f44c11;c2a9bbee811cd29891e3;c2d6c7abc598aacc0368;c301ce506b01b01e6207;c4f5fe90704c2aa68c75;c58a4682ca46d2e66e96;c6788113fb3c0b6f7bcf;c6db1164aeacaa778bd4;c837d77a482b4e089619;c8c9e4c672bea3a6d994;c98aa2499bea62fd3f2a;c9defba9bce13454aa5f;caf55d1c5f0358791a96;cb97375c66ea36d11d94;cc3c546075dc11e58802;ce47d43f097c456cdf45;cfa4cceea1f21315935e;d02cfb250e397dd52db5;d06c6ad96bb08eb739dc;d0ead936020ec24f78a7;d11ce96adb05741aef6d;d290e5bf22b00e731795;d2f64f874b70a189b145;d3f99e099b9310de57e3;d644a8da3cdeae0603e0;d6b29e9cea0c868cc28e;d7a2412d7fe5f7bee1e5;d885762caf8919afe125;d90096afc3b383fbecb7;d977c356ff57ab060fef;da4715a1835405ea02b7;da920e8320da57a1954a;db6b016a13edb570269a;db80308782a219cbea0e;dcce0a8cef5543c4fec4;de583e684ddd0364a161;df4adbef2a265890959e;df5127c0b752274d452e;df606ccebb857fa9a592;df6dd96b9ea594a121ce;e2272dd53f2ee764e3a8;e28e63bbe4974bda0026;e2a36443154e9a33aff9;e359eafa6af6abbb467d;e3ee954b5290b4f74f0b;e4987ba5c8f46735e9ff;e4a287ed511b7be9baa5;e4caff2128dfb4f4ac0c;e5304eeb960c6393b03a;e5814fecd144cc3fe016;e5b4ed028b3c0ea2eeec;e5e611fc18a4d66128d9;e73b99fafd0009a6e927;e82a026a5524b0d4f0d3;e9d6ceded269a04cde99;ea35181a48e801132195;ea8e0a7c38a125bf8f1d;ead3628c23fe3e244e24;eb0a6b505c3ccc9e534d;eb664530dc232a9e1750;eb6afac746ee34d7a37f;eb6ba637fab26b824344;eb8b75c75edacbfa547b;ebc2ea10b1b751d8e58c;ec6081495209898a9c42;ed072d60d05f5e236143;ed23e4c8ee00516d2110;ed38fd3a7de3cb77f8a6;ed80b78f8297d945224d;ee3afe8181b997d521a2;eeb5a3afa4e8b1c2635c;eee52e824f1559f7759a;ef046f239f256df5f180;f1b256cdccd6208d0cc8;f2454b259920b1b1d032;f2be4ac5256845407914;f30eee8f6354bfa06744;f31767356a0db5360a3d;f41f37dbb22b9ed8ae7c;f4631b37b9a1fd57d914;f4d7fdee2c3cc083329d;f54e36609097c96e8b6d;f5e8d39c518465a0d255;f68a92632e9b465b9cd8;f6df2d018d41c258414a;f74b171e97e291bab8d3;f917e0b66cef158b9df0;f97eadc969f29dc262e7;f9c1bb8b50eb65edbf84;fa24b39d9c9c2f6142d6;fb4436cacb550c46d347;fbcfe4a5c41e518e74ba;fc535dce265384650ae6;fcd1902a5e565b2d2fcc;fd0c4ec164cda596074b;fd1a9c7f0b28a609f8af;ff3b7f48f6f586cf90b7;ffe994fbb4a27b100f16;sci_0deb435b497fb81c6d22;sci_0f0b074ee785f63a5645;sci_19c7e7b5094b7aa538d4;sci_1b84a9e2391f6779175c;sci_205c7c070474c3f60b30;sci_300870bf7109221baf28;sci_333316fb42bc0b910010;sci_3d6777cb059403330506;sci_42199d910f14a1707aa3;sci_454fe3ad37947557e9a6;sci_479872e4f60f538cbd03;sci_49f3e83303945c5d95da;sci_6140618886946efd3455;sci_637ee1f73b6fd5027d1c;sci_66be3ed42b9293d2ff9f;sci_6840c15b05b568f05153;sci_7924be52acf88877d8df;sci_829c4bcf5b773dba44a2;sci_9353c3c154cbf1cd3c54;sci_93a452609f10d60e9d33;sci_a09f51bed9668b4f7e21;sci_a8f02e0b2a448efff5e6;sci_a90d053bc1db526acda9;sci_aea73a0d6d3e592a48a0;sci_b283d7022275d4ea7f72;sci_b852c26f48dfbf482b84;sci_ce41b4792638011f5d74;sci_d54eaf2ee85c6160a060;sci_f2cc5417df9af41a5165;sci_f57abde71790ef1bc83d,"OpenAlex source, ISSN-L, or documented source-name fallback was available."
Publication source,Normalized-source coverage,Unknown source,15,485,3.1,,,unique studies,all unique studies,missingness; mutually exclusive with named source available,0fe5747ae7b23830be21;328dc44eb7208308940c;3cc4d65478e63af8ab6e;401238697481e3dbe32e;415ba4f99eeb473a50c2;44d09fb5dabfde2e9e31;614d439112e6f1ccea50;740cc1ae550411dacecc;862592293f46ff109fb6;bc5dd5d7b1ad1b4d21e4;d46506f34cc784478c88;da8839d00c24db7f6ad6;dec5b56924e40c32e506;e7357cbd0c17edcf1ae4;f5c57c1a6cc5d054fcac,An unknown source is retained as missing and is not assigned to another journal.
